feature,importance
mean,0.0029770773049708574
crest_factor,0.0039309034010852435
skewness,0.00435310399884653
physics_BSF_h2,0.005075607978853377
clearance_factor,0.0054114151739637
kurtosis,0.007009165690485494
impulse_factor,0.007207111285923438
physics_FTF_h1,0.008118003671610096
physics_BSF_h1,0.010552150221313653
physics_FTF_h2,0.014856333924885683
physics_FTF_h3,0.01602104157893849
band_500_1500_ratio,0.01646729314949348
physics_BSF_h3,0.018533591905556993
spectral_centroid,0.018756566827630654
band_3000_6000_ratio,0.02064769901624583
physics_BPFI_h3,0.023342123572307187
physics_BPFO_h3,0.026169239197366682
band_0_500_ratio,0.030940653837520916
physics_BPFO_h2,0.034322413884797044
physics_BPFI_h2,0.034641930565225465
dominant_frequency,0.038804283418462954
shape_factor,0.038963234607242346
physics_BPFI_h1,0.06767023193905643
band_1500_3000_ratio,0.06794104854719496
rms,0.07836517516219739
physics_BPFO_h1,0.07970990058069627
std,0.09143554826029975
spectral_energy,0.09368516248523075
peak_to_peak,0.13409198881259846
