model,seed,source_id,n,accuracy
rf,42,100,24,1.0
rf,42,112,24,1.0
rf,42,125,24,1.0
rf,42,138,24,1.0
rf,42,177,24,0.9583333333333334
rf,42,192,24,1.0
rf,42,204,24,0.08333333333333333
rf,42,217,24,1.0
rf,42,229,24,0.9166666666666666
rf,42,241,24,1.0
rf_without_physics,42,100,24,1.0
rf_without_physics,42,112,24,0.9583333333333334
rf_without_physics,42,125,24,1.0
rf_without_physics,42,138,24,1.0
rf_without_physics,42,177,24,0.9583333333333334
rf_without_physics,42,192,24,1.0
rf_without_physics,42,204,24,0.0
rf_without_physics,42,217,24,1.0
rf_without_physics,42,229,24,0.6666666666666666
rf_without_physics,42,241,24,1.0
cnn,42,100,24,1.0
cnn,42,112,24,1.0
cnn,42,125,24,1.0
cnn,42,138,24,1.0
cnn,42,177,24,0.9166666666666666
cnn,42,192,24,0.375
cnn,42,204,24,0.0
cnn,42,217,24,1.0
cnn,42,229,24,0.5833333333333334
cnn,42,241,24,1.0
