model,perturbation,level,f1_mean,f1_std,f1_change_mean,accuracy_mean
cnn,missing,0.05,0.7576314827938141,0.007139597180206213,-0.02332611954536719,0.7680555555555556
cnn,missing,0.1,0.65916541251479,0.003948603829923601,-0.12179218982439133,0.6708333333333334
cnn,missing,0.2,0.4906247230838006,0.0038240394204305888,-0.2903328792553807,0.49027777777777776
cnn,noise,0.0,0.7260926889926869,0.006936785601598428,-0.054864913346494494,0.6875
cnn,noise,10.0,0.8028785438566386,0.006103220149957247,0.02192094151745731,0.7958333333333334
cnn,noise,20.0,0.784511656282652,0.006155802002931668,0.0035540539434706364,0.7902777777777777
rf,missing,0.05,0.9096113737774988,0.005262647541499086,-0.002255457337495178,0.8930555555555556
rf,missing,0.1,0.9243317708797779,0.001882896336135873,0.012464939764783948,0.9097222222222222
rf,missing,0.2,0.9350663186661601,0.0051482471583372555,0.02319948755116615,0.9222222222222222
rf,noise,0.0,0.8332518504710427,0.0019054538328190363,-0.07861498064395134,0.7944444444444444
rf,noise,10.0,0.943086713568702,0.005533280255093505,0.03121988245370803,0.9319444444444445
rf,noise,20.0,0.9191459252895541,0.00621222844603239,0.0072790941745599635,0.9041666666666667
rf_without_physics,missing,0.05,0.8994137446258366,0.005733142044124789,0.018549547094972363,0.8791666666666668
rf_without_physics,missing,0.1,0.9300561861141229,0.003751918772800618,0.04919198858325868,0.9152777777777777
rf_without_physics,missing,0.2,0.9386581075778858,0.008833200287834568,0.05779391004702158,0.9263888888888889
rf_without_physics,noise,0.0,0.8031425244087128,0.03046724797992665,-0.07772167312215135,0.7569444444444445
rf_without_physics,noise,10.0,0.9164406304825544,0.0037176202818095822,0.03557643295169018,0.8986111111111111
rf_without_physics,noise,20.0,0.8835128739201794,0.001965084708872838,0.002648676389315171,0.8611111111111112
