model,seed,perturbation,level,perturb_seed,accuracy,precision_macro,recall_macro,f1_macro,f1_change
rf,42,noise,20.0,101,0.9125,0.9415827228327228,0.9270833333333334,0.9263191888207225,0.014452357705728502
rf_without_physics,42,noise,20.0,101,0.8625,0.9055451127819549,0.8854166666666667,0.8849739500185679,0.004109752487703733
cnn,42,noise,20.0,101,0.7875,0.7819444444444444,0.8229166666666666,0.7809576023391813,0.0
rf,42,noise,20.0,102,0.9,0.9333680762358547,0.9166666666666667,0.9155592935239697,0.003692462408975694
rf_without_physics,42,noise,20.0,102,0.8583333333333333,0.903604118993135,0.8819444444444444,0.8812788398154252,0.0004146422845610065
cnn,42,noise,20.0,102,0.7958333333333333,0.7921852773826459,0.8298611111111112,0.7916197641695932,0.01066216183041191
rf,42,noise,20.0,103,0.9,0.9333680762358547,0.9166666666666667,0.9155592935239697,0.003692462408975694
rf_without_physics,42,noise,20.0,103,0.8625,0.9058441558441559,0.8854166666666666,0.884285831926545,0.0034216343956807727
cnn,42,noise,20.0,103,0.7875,0.7819444444444444,0.8229166666666666,0.7809576023391813,0.0
rf,42,noise,10.0,101,0.925,0.95,0.9375,0.9370094035448365,0.025142572429842525
rf_without_physics,42,noise,10.0,101,0.8958333333333334,0.9188311688311688,0.9131944444444445,0.914229189622358,0.033364992091493795
cnn,42,noise,10.0,101,0.8,0.814238042269188,0.8333333333333333,0.8089992772409135,0.02804167490173215
rf,42,noise,10.0,102,0.9333333333333333,0.9494181779343057,0.9444444444444445,0.9444174700073067,0.03255063889231269
rf_without_physics,42,noise,10.0,102,0.8958333333333334,0.918403964456596,0.9131944444444444,0.9143599975814741,0.033495800050609925
cnn,42,noise,10.0,102,0.7958333333333333,0.8070635290462878,0.8298611111111112,0.8028433653120074,0.021885762972826073
rf,42,noise,10.0,103,0.9375,0.9553513071895425,0.9479166666666666,0.9478332671539629,0.035966436038968874
rf_without_physics,42,noise,10.0,103,0.9041666666666667,0.9256993006993007,0.920138888888889,0.920732704243831,0.03986850671296682
cnn,42,noise,10.0,103,0.7916666666666666,0.8002247319677646,0.8263888888888888,0.796792989016995,0.0158353866778137
rf,42,noise,0.0,101,0.7958333333333333,0.889470608756323,0.8298611111111112,0.8343519647543491,-0.07751486636064486
rf_without_physics,42,noise,0.0,101,0.7125,0.8107763375620519,0.7604166666666666,0.7681473123560494,-0.11271688517481482
cnn,42,noise,0.0,101,0.6916666666666667,0.8023028883684621,0.7430555555555555,0.7304968916469265,-0.05046071069225477
rf,42,noise,0.0,102,0.7958333333333333,0.889470608756323,0.8298611111111112,0.8343519647543491,-0.07751486636064486
rf_without_physics,42,noise,0.0,102,0.775,0.8457556935817806,0.8125,0.8175169030158222,-0.06334729451504195
cnn,42,noise,0.0,102,0.6916666666666667,0.8037909836065573,0.7430555555555556,0.729684657368102,-0.05127294497107937
rf,42,noise,0.0,103,0.7916666666666666,0.8837068965517241,0.826388888888889,0.8310516219044297,-0.08081520921056429
rf_without_physics,42,noise,0.0,103,0.7833333333333333,0.8501649779630162,0.8194444444444444,0.8237633578542669,-0.05710083967659729
cnn,42,noise,0.0,103,0.6791666666666667,0.7972258064516129,0.7326388888888888,0.718096517963032,-0.06286108437614935
rf,42,missing,0.05,101,0.9,0.9339278264497288,0.9166666666666666,0.9153592024588204,0.003492371343826406
rf_without_physics,42,missing,0.05,101,0.8875,0.9199183303085299,0.90625,0.9060336562978073,0.025169458766943098
cnn,42,missing,0.05,101,0.7625,0.7578083158868494,0.8020833333333333,0.7515615255651216,-0.029396076774059754
rf,42,missing,0.05,102,0.8875,0.9203484871293091,0.90625,0.9050294464879177,-0.006837384627076282
rf_without_physics,42,missing,0.05,102,0.875,0.9069805194805195,0.8958333333333334,0.8960651262810011,0.0152009287501369
cnn,42,missing,0.05,102,0.7666666666666667,0.7610107284020327,0.8055555555555556,0.7558352542787785,-0.02512234806040281
rf,42,missing,0.05,103,0.8916666666666667,0.9257487241471931,0.9097222222222222,0.9084454723857583,-0.0034213587292356573
rf_without_physics,42,missing,0.05,103,0.875,0.9057139506834628,0.8958333333333334,0.8961424512987013,0.015278253767837091
cnn,42,missing,0.05,103,0.775,0.7691146881287726,0.8125,0.7654976685375423,-0.015459933801639014
rf,42,missing,0.1,101,0.9083333333333333,0.9328648325358851,0.9236111111111112,0.9231790738331436,0.011312242718149568
rf_without_physics,42,missing,0.1,101,0.9125,0.9317235997919195,0.9270833333333333,0.9281121126230808,0.0472479150922166
cnn,42,missing,0.1,101,0.6708333333333333,0.6958357432041643,0.7256944444444444,0.6599461132560668,-0.12101148908311454
rf,42,missing,0.1,102,0.9083333333333333,0.9298435824294891,0.9236111111111112,0.9233116339657534,0.011444802850759439
rf_without_physics,42,missing,0.1,102,0.9208333333333333,0.935706291900268,0.9340277777777778,0.9343811809825205,0.05351698345165634
cnn,42,missing,0.1,102,0.6666666666666666,0.6913252240717029,0.7222222222222221,0.6548847726986071,-0.1260728296405742
rf,42,missing,0.1,103,0.9125,0.9397798984146529,0.9270833333333334,0.9265046048404368,0.014637773725442838
rf_without_physics,42,missing,0.1,103,0.9125,0.9305526244588744,0.9270833333333334,0.9276752647367673,0.04681106720590311
cnn,42,missing,0.1,103,0.675,0.6962315750440344,0.7291666666666667,0.6626653515896961,-0.11829225074948524
rf,42,missing,0.2,101,0.9166666666666666,0.9385856923170874,0.9305555555555556,0.9306669270433885,0.01880009592839449
rf_without_physics,42,missing,0.2,101,0.9166666666666666,0.9321338383838385,0.9305555555555556,0.9305857487922705,0.049721551261406316
cnn,42,missing,0.2,101,0.49166666666666664,0.6381902100271002,0.576388888888889,0.49470966504600344,-0.2862479372931779
rf,42,missing,0.2,102,0.9208333333333333,0.9417815165745089,0.9340277777777778,0.9338035783676022,0.02193674725260819
rf_without_physics,42,missing,0.2,102,0.9375,0.9485714285714285,0.9479166666666666,0.948093656846172,0.06722945931530777
cnn,42,missing,0.2,102,0.4875,0.6145427885897095,0.5729166666666666,0.48713028296973426,-0.29382731936944706
rf,42,missing,0.2,103,0.9291666666666667,0.9505507662835249,0.9409722222222222,0.9407284505874898,0.02886161947249577
rf_without_physics,42,missing,0.2,103,0.925,0.938003072237945,0.9375,0.9372949170952148,0.05643071956435064
cnn,42,missing,0.2,103,0.49166666666666664,0.6142857142857142,0.5763888888888888,0.4900342212356641,-0.29092338110351723
