sample_id,source_id,split,label,load_hp,rpm,sampling_rate,start,end,raw_mean,predicted,confidence,p_normal,p_inner,p_outer,p_ball
100:0,100,test,0,3,1725.0,12000,0,4096,0.0127841631963994,0,0.9710305,0.9710305,0.013936023,0.0055148746,0.009518676
100:4096,100,test,0,3,1725.0,12000,4096,8192,0.0143389199901174,0,0.97814345,0.97814345,0.011854451,0.003334605,0.0066675027
100:8192,100,test,0,3,1725.0,12000,8192,12288,0.0158433044696532,0,0.9812697,0.9812697,0.007886122,0.0023508084,0.008493376
100:12288,100,test,0,3,1725.0,12000,12288,16384,0.0129677866917891,0,0.9816699,0.9816699,0.0068757287,0.0021531545,0.009301268
100:16384,100,test,0,3,1725.0,12000,16384,20480,0.0141145934414752,0,0.9798226,0.9798226,0.009731316,0.0028227633,0.007623301
100:20480,100,test,0,3,1725.0,12000,20480,24576,0.0131060305731628,0,0.97634524,0.97634524,0.008768029,0.0035274485,0.011359254
100:24576,100,test,0,3,1725.0,12000,24576,28672,0.0103433149253219,0,0.98425364,0.98425364,0.0068075573,0.0018499715,0.0070887683
100:28672,100,test,0,3,1725.0,12000,28672,32768,0.008947187424838,0,0.9821002,0.9821002,0.008916865,0.0025431125,0.0064397627
100:32768,100,test,0,3,1725.0,12000,32768,36864,0.0078820443571631,0,0.9717733,0.9717733,0.010928546,0.004772252,0.012525882
100:36864,100,test,0,3,1725.0,12000,36864,40960,0.012409692018314,0,0.984493,0.984493,0.008000856,0.0019061638,0.005599992
100:40960,100,test,0,3,1725.0,12000,40960,45056,0.0130751768205868,0,0.98337275,0.98337275,0.0061362227,0.0017483555,0.008742716
100:45056,100,test,0,3,1725.0,12000,45056,49152,0.0116740847572553,0,0.9774598,0.9774598,0.007473207,0.0026689128,0.01239801
100:49152,100,test,0,3,1725.0,12000,49152,53248,0.0130157606205997,0,0.97632366,0.97632366,0.011008415,0.0039331587,0.008734749
100:53248,100,test,0,3,1725.0,12000,53248,57344,0.0140279867938563,0,0.9778504,0.9778504,0.011029421,0.0034757152,0.007644434
100:57344,100,test,0,3,1725.0,12000,57344,61440,0.0116203524803779,0,0.9832772,0.9832772,0.0068144375,0.0019518274,0.007956468
100:61440,100,test,0,3,1725.0,12000,61440,65536,0.0121762002609695,0,0.97995514,0.97995514,0.009746086,0.002748505,0.007550274
100:65536,100,test,0,3,1725.0,12000,65536,69632,0.012722637283986,0,0.97847444,0.97847444,0.009204561,0.0029864958,0.009334492
100:69632,100,test,0,3,1725.0,12000,69632,73728,0.0114232695565611,0,0.9767868,0.9767868,0.01072686,0.0034173706,0.00906895
100:73728,100,test,0,3,1725.0,12000,73728,77824,0.0103873945776514,0,0.98099387,0.98099387,0.008746651,0.0026076366,0.007651855
100:77824,100,test,0,3,1725.0,12000,77824,81920,0.0110672026319063,0,0.97995615,0.97995615,0.007026494,0.0024130908,0.010604162
100:81920,100,test,0,3,1725.0,12000,81920,86016,0.0121365974416817,0,0.9797677,0.9797677,0.009644553,0.002969719,0.0076180734
100:86016,100,test,0,3,1725.0,12000,86016,90112,0.0131307423993928,0,0.9801236,0.9801236,0.008523057,0.0029779344,0.008375538
100:90112,100,test,0,3,1725.0,12000,90112,94208,0.0112619869529826,0,0.9832259,0.9832259,0.0070349616,0.0020616965,0.0076773986
100:94208,100,test,0,3,1725.0,12000,94208,98304,0.0119763383419296,0,0.9796963,0.9796963,0.005652438,0.0022587015,0.012392637
100:98304,100,test,0,3,1725.0,12000,98304,102400,0.0124933027681781,0,0.98001295,0.98001295,0.007876052,0.0027801583,0.009330903
100:102400,100,test,0,3,1725.0,12000,102400,106496,0.014648269704829,0,0.9781764,0.9781764,0.010788505,0.0032973178,0.007737835
100:106496,100,test,0,3,1725.0,12000,106496,110592,0.0143010953493052,0,0.9812929,0.9812929,0.005423769,0.0018856352,0.011397714
100:110592,100,test,0,3,1725.0,12000,110592,114688,0.0127186746827418,0,0.982051,0.982051,0.0063704937,0.0018513638,0.009727137
100:114688,100,test,0,3,1725.0,12000,114688,118784,0.0132536104635387,0,0.9704936,0.9704936,0.014043002,0.0054975413,0.0099658
112:0,112,test,1,3,1721.0,12000,0,4096,0.0140120864579735,1,0.99784005,0.0013786044,0.99784005,0.00029900006,0.00048238054
112:4096,112,test,1,3,1721.0,12000,4096,8192,0.0122333252257547,1,0.99361444,0.0033052212,0.99361444,0.0010038341,0.0020765213
112:8192,112,test,1,3,1721.0,12000,8192,12288,0.0137830635593102,1,0.98509514,0.005106864,0.98509514,0.002169314,0.007628693
112:12288,112,test,1,3,1721.0,12000,12288,16384,0.0151642202341894,1,0.991226,0.0036789265,0.991226,0.0013661239,0.003728871
112:16384,112,test,1,3,1721.0,12000,16384,20480,0.0166296883850381,1,0.9962794,0.0025326042,0.9962794,0.00039313055,0.00079489534
112:20480,112,test,1,3,1721.0,12000,20480,24576,0.0144714880411141,1,0.9948597,0.0025117279,0.9948597,0.0007922316,0.0018362959
112:24576,112,test,1,3,1721.0,12000,24576,28672,0.0158781224457338,1,0.98097354,0.005473521,0.98097354,0.00275825,0.010794743
112:28672,112,test,1,3,1721.0,12000,28672,32768,0.0163149707833731,1,0.9960097,0.002137206,0.9960097,0.0006062623,0.0012467783
112:32768,112,test,1,3,1721.0,12000,32768,36864,0.0135575342849771,1,0.9952625,0.002708867,0.9952625,0.0006874089,0.0013411386
112:36864,112,test,1,3,1721.0,12000,36864,40960,0.014032706353773,1,0.9935974,0.002818283,0.9935974,0.0010076904,0.0025767025
112:40960,112,test,1,3,1721.0,12000,40960,45056,0.0139368764494193,1,0.98871464,0.004138759,0.98871464,0.0014183113,0.005728351
112:45056,112,test,1,3,1721.0,12000,45056,49152,0.0156311649438628,1,0.9964805,0.0021655306,0.9964805,0.00047504884,0.000878957
112:49152,112,test,1,3,1721.0,12000,49152,53248,0.0177870189230262,1,0.99732614,0.0012173927,0.99732614,0.00048115948,0.00097531296
112:53248,112,test,1,3,1721.0,12000,53248,57344,0.0147743902323854,1,0.9793123,0.005534774,0.9793123,0.0024512827,0.012701604
112:57344,112,test,1,3,1721.0,12000,57344,61440,0.0136413148383775,1,0.9955596,0.002422949,0.9955596,0.00066667615,0.0013508659
112:61440,112,test,1,3,1721.0,12000,61440,65536,0.0150296439045078,1,0.99620503,0.0022247606,0.99620503,0.00042987178,0.0011403331
112:65536,112,test,1,3,1721.0,12000,65536,69632,0.0160795840945827,1,0.9864628,0.0048543634,0.9864628,0.0034787722,0.005204104
112:69632,112,test,1,3,1721.0,12000,69632,73728,0.0167061556468361,1,0.99287534,0.004226242,0.99287534,0.00067426264,0.002224264
112:73728,112,test,1,3,1721.0,12000,73728,77824,0.0138638112952253,1,0.9958146,0.0024489712,0.9958146,0.0005712611,0.0011651525
112:77824,112,test,1,3,1721.0,12000,77824,81920,0.0155305061585884,1,0.99143326,0.003368448,0.99143326,0.0013760887,0.003822257
112:81920,112,test,1,3,1721.0,12000,81920,86016,0.0173488309834474,1,0.991793,0.0034772516,0.991793,0.0010712098,0.003658515
112:86016,112,test,1,3,1721.0,12000,86016,90112,0.0180615677354198,1,0.9946444,0.002790125,0.9946444,0.0006915999,0.0018739017
112:90112,112,test,1,3,1721.0,12000,90112,94208,0.0167416317360945,1,0.9958221,0.0022700734,0.9958221,0.00067665824,0.0012311328
112:94208,112,test,1,3,1721.0,12000,94208,98304,0.0124501614930203,1,0.9930432,0.0030665353,0.9930432,0.0011158234,0.0027744174
112:98304,112,test,1,3,1721.0,12000,98304,102400,0.0122533280806179,1,0.987058,0.004367552,0.987058,0.0020448365,0.0065296222
112:102400,112,test,1,3,1721.0,12000,102400,106496,0.0114867609365522,1,0.9922587,0.0033150432,0.9922587,0.0010176786,0.0034085498
112:106496,112,test,1,3,1721.0,12000,106496,110592,0.0148151361919204,1,0.98550344,0.0053624134,0.98550344,0.0028108882,0.0063232593
112:110592,112,test,1,3,1721.0,12000,110592,114688,0.0147549321325378,1,0.99784863,0.0011988871,0.99784863,0.0003053897,0.0006471515
112:114688,112,test,1,3,1721.0,12000,114688,118784,0.0160349282206361,1,0.988877,0.0040100366,0.988877,0.0016757405,0.0054372232
125:0,125,test,3,3,1721.0,12000,0,4096,0.0134590755524493,3,0.99620664,0.00019709433,6.612866e-05,0.0035301365,0.99620664
125:4096,125,test,3,3,1721.0,12000,4096,8192,0.0149162180577411,3,0.9963946,0.00015368761,4.8617567e-05,0.003403153,0.9963946
125:8192,125,test,3,3,1721.0,12000,8192,12288,0.0136992260759337,3,0.9958858,0.00027589325,7.5848875e-05,0.0037624284,0.9958858
125:12288,125,test,3,3,1721.0,12000,12288,16384,0.0159898284652388,3,0.99600756,0.000417432,0.00010659544,0.0034683377,0.99600756
125:16384,125,test,3,3,1721.0,12000,16384,20480,0.0144756725977857,3,0.99343455,0.00018682421,8.562405e-05,0.006292996,0.99343455
125:20480,125,test,3,3,1721.0,12000,20480,24576,0.0121310148127261,3,0.9946844,0.0003202971,0.00010391873,0.004891469,0.9946844
125:24576,125,test,3,3,1721.0,12000,24576,28672,0.014431721995889,3,0.99456704,0.00033842196,0.00012628357,0.004968315,0.99456704
125:28672,125,test,3,3,1721.0,12000,28672,32768,0.0162748566076515,3,0.9973139,0.00028237543,6.422399e-05,0.0023394949,0.9973139
125:32768,125,test,3,3,1721.0,12000,32768,36864,0.0161030927244993,3,0.99426186,0.00029159337,0.00013422144,0.005312392,0.99426186
125:36864,125,test,3,3,1721.0,12000,36864,40960,0.0155369936353771,3,0.99649173,0.0002745682,7.4159194e-05,0.0031595225,0.99649173
125:40960,125,test,3,3,1721.0,12000,40960,45056,0.0160409623956903,3,0.99462444,0.000521779,0.0001453158,0.004708437,0.99462444
125:45056,125,test,3,3,1721.0,12000,45056,49152,0.014460171397204,3,0.99582857,0.00036607715,9.283673e-05,0.0037124727,0.99582857
125:49152,125,test,3,3,1721.0,12000,49152,53248,0.0147326633478808,3,0.9929947,0.00073222845,0.00019939702,0.006073645,0.9929947
125:53248,125,test,3,3,1721.0,12000,53248,57344,0.0158459769197861,3,0.9915108,0.000616841,0.00024767529,0.007624743,0.9915108
125:57344,125,test,3,3,1721.0,12000,57344,61440,0.0170803005172384,3,0.9949004,0.0007229551,0.00016217458,0.0042145336,0.9949004
125:61440,125,test,3,3,1721.0,12000,61440,65536,0.0161529774228416,3,0.996979,0.00028720126,6.91275e-05,0.0026647113,0.996979
125:65536,125,test,3,3,1721.0,12000,65536,69632,0.0165057081240539,3,0.9958097,0.00021671904,8.515239e-05,0.003888537,0.9958097
125:69632,125,test,3,3,1721.0,12000,69632,73728,0.0170568927082635,3,0.990482,0.00044866482,0.00019027945,0.008878991,0.990482
125:73728,125,test,3,3,1721.0,12000,73728,77824,0.016171166645861,3,0.99637395,0.00033688446,9.962351e-05,0.0031894455,0.99637395
125:77824,125,test,3,3,1721.0,12000,77824,81920,0.0154465178932803,3,0.99489933,0.00041790982,0.00012335084,0.0045594787,0.99489933
125:81920,125,test,3,3,1721.0,12000,81920,86016,0.0139173345960143,3,0.9975994,0.00018976007,5.0820632e-05,0.0021600446,0.9975994
125:86016,125,test,3,3,1721.0,12000,86016,90112,0.0135444626221604,3,0.99115413,0.00062038377,0.00020243427,0.008023162,0.99115413
125:90112,125,test,3,3,1721.0,12000,90112,94208,0.0149171700387076,3,0.99507195,0.00018824564,7.7712306e-05,0.004662116,0.99507195
125:94208,125,test,3,3,1721.0,12000,94208,98304,0.0119546412667187,3,0.9957371,0.00021932375,7.202003e-05,0.0039715427,0.9957371
125:98304,125,test,3,3,1721.0,12000,98304,102400,0.0102592985215888,3,0.9908868,0.0005916299,0.00025901498,0.008262568,0.9908868
125:102400,125,test,3,3,1721.0,12000,102400,106496,0.0121046574037725,3,0.9957093,0.0003516603,0.00010890526,0.0038300157,0.9957093
125:106496,125,test,3,3,1721.0,12000,106496,110592,0.0114675246065771,3,0.9928227,0.00025641898,0.00010274611,0.006818119,0.9928227
125:110592,125,test,3,3,1721.0,12000,110592,114688,0.0151130129838665,3,0.9948933,0.0001862927,5.9798287e-05,0.0048606372,0.9948933
125:114688,125,test,3,3,1721.0,12000,114688,118784,0.0154375267063233,3,0.9925551,0.00041543433,0.00016157441,0.0068678455,0.9925551
138:0,138,test,2,3,1725.0,12000,0,4096,0.0126647840542127,2,0.9997571,0.00015824873,5.8893536e-05,0.9997571,2.5705529e-05
138:4096,138,test,2,3,1725.0,12000,4096,8192,0.0125666547664626,2,0.9989078,0.0006848073,0.0002878211,0.9989078,0.00011950435
138:8192,138,test,2,3,1725.0,12000,8192,12288,0.0122391388318063,2,0.99955326,0.00027859313,0.00012042066,0.99955326,4.7719564e-05
138:12288,138,test,2,3,1725.0,12000,12288,16384,0.0118910324911904,2,0.99638855,0.0023940955,0.0007546353,0.99638855,0.00046271828
138:16384,138,test,2,3,1725.0,12000,16384,20480,0.0115982015297568,2,0.99956244,0.00028045237,0.00011714968,0.99956244,3.987315e-05
138:20480,138,test,2,3,1725.0,12000,20480,24576,0.0129113498617737,2,0.9994936,0.00032245833,0.000126576,0.9994936,5.7432164e-05
138:24576,138,test,2,3,1725.0,12000,24576,28672,0.0120061932017655,2,0.99739826,0.0017127413,0.0005139209,0.99739826,0.00037507858
138:28672,138,test,2,3,1725.0,12000,28672,32768,0.0091404224482542,2,0.99974877,0.00015481029,7.273375e-05,0.99974877,2.3715831e-05
138:32768,138,test,2,3,1725.0,12000,32768,36864,0.0138594563425538,2,0.99765766,0.0014527347,0.0006332049,0.99765766,0.00025641092
138:36864,138,test,2,3,1725.0,12000,36864,40960,0.0118847822966512,2,0.9995479,0.00029409933,0.00011356039,0.9995479,4.447233e-05
138:40960,138,test,2,3,1725.0,12000,40960,45056,0.0108545220052291,2,0.99893016,0.00065995625,0.00028231213,0.99893016,0.00012756458
138:45056,138,test,2,3,1725.0,12000,45056,49152,0.010333039570857,2,0.9995447,0.00029637452,0.00011707511,0.9995447,4.189473e-05
138:49152,138,test,2,3,1725.0,12000,49152,53248,0.0099294274179467,2,0.9988298,0.00075310573,0.00027929296,0.9988298,0.00013785413
138:53248,138,test,2,3,1725.0,12000,53248,57344,0.0130664705271825,2,0.9989027,0.0006979222,0.00029569026,0.9989027,0.00010375459
138:57344,138,test,2,3,1725.0,12000,57344,61440,0.0116419329280741,2,0.99876875,0.0008376028,0.00028260404,0.99876875,0.000110999215
138:61440,138,test,2,3,1725.0,12000,61440,65536,0.011761331039369,2,0.99886227,0.00066907215,0.0003464625,0.99886227,0.00012221333
138:65536,138,test,2,3,1725.0,12000,65536,69632,0.0133065487410767,2,0.99972326,0.00016838672,8.292526e-05,0.99972326,2.5426543e-05
138:69632,138,test,2,3,1725.0,12000,69632,73728,0.0138479119869471,2,0.99850994,0.0009801766,0.00034091016,0.99850994,0.0001689482
138:73728,138,test,2,3,1725.0,12000,73728,77824,0.0109927334035347,2,0.9992872,0.00047963238,0.00016781833,0.9992872,6.545052e-05
138:77824,138,test,2,3,1725.0,12000,77824,81920,0.0116706858670829,2,0.9991291,0.0005617847,0.00022470564,0.9991291,8.441535e-05
138:81920,138,test,2,3,1725.0,12000,81920,86016,0.0111052537548821,2,0.9998603,9.106192e-05,3.857349e-05,0.9998603,1.0037673e-05
138:86016,138,test,2,3,1725.0,12000,86016,90112,0.0087400229791449,2,0.9978897,0.0012722407,0.00054903486,0.9978897,0.0002889682
138:90112,138,test,2,3,1725.0,12000,90112,94208,0.009476614353425,2,0.9992717,0.00044393374,0.00019854816,0.9992717,8.5761516e-05
138:94208,138,test,2,3,1725.0,12000,94208,98304,0.0101116171204827,2,0.99869365,0.0008147318,0.00037369184,0.99869365,0.00011794102
138:98304,138,test,2,3,1725.0,12000,98304,102400,0.0123335731494543,2,0.999668,0.00022747507,7.717309e-05,0.999668,2.7318636e-05
138:102400,138,test,2,3,1725.0,12000,102400,106496,0.0121723423287647,2,0.9980236,0.0013129492,0.00048215812,0.9980236,0.00018120038
138:106496,138,test,2,3,1725.0,12000,106496,110592,0.0121922098397018,2,0.9991316,0.0005812865,0.00019428016,0.9991316,9.291186e-05
138:110592,138,test,2,3,1725.0,12000,110592,114688,0.0131870040963426,2,0.9978174,0.001497105,0.0004397507,0.9978174,0.00024571727
138:114688,138,test,2,3,1725.0,12000,114688,118784,0.0109690641020143,2,0.9996437,0.00023932522,8.530173e-05,0.9996437,3.1763622e-05
177:0,177,test,1,3,1726.0,12000,0,4096,0.0184144374353689,1,0.6109042,0.047310058,0.6109042,0.09029584,0.2514899
177:4096,177,test,1,3,1726.0,12000,4096,8192,0.082959894851941,0,0.6980084,0.6980084,0.00014307634,4.8715217e-05,0.30179986
177:8192,177,test,1,3,1726.0,12000,8192,12288,0.0142162260445413,3,0.9917733,0.00064306293,0.0018836961,0.0056998986,0.9917733
177:12288,177,test,1,3,1726.0,12000,12288,16384,0.0141926885331269,3,0.9834926,0.0014687363,0.0072312877,0.007807266,0.9834926
177:16384,177,test,1,3,1726.0,12000,16384,20480,0.0126050544507265,3,0.97832125,0.0017744749,0.009857371,0.010046831,0.97832125
177:20480,177,test,1,3,1726.0,12000,20480,24576,0.0131339618740944,3,0.9853286,0.0016415144,0.0052300566,0.007799863,0.9853286
177:24576,177,test,1,3,1726.0,12000,24576,28672,0.013731430272807,3,0.9914914,0.00090972986,0.0022536234,0.00534524,0.9914914
177:28672,177,test,1,3,1726.0,12000,28672,32768,0.0149100057251802,3,0.98956186,0.00093711045,0.0038527327,0.005648334,0.98956186
177:32768,177,test,1,3,1726.0,12000,32768,36864,0.0174232474147087,3,0.9893267,0.00092512585,0.0037648783,0.005983318,0.9893267
177:36864,177,test,1,3,1726.0,12000,36864,40960,0.016422510450972,3,0.99199766,0.0005522207,0.0014643677,0.0059857983,0.99199766
177:40960,177,test,1,3,1726.0,12000,40960,45056,0.0194296075352153,3,0.9884723,0.00085051975,0.003543893,0.007133274,0.9884723
177:45056,177,test,1,3,1726.0,12000,45056,49152,0.0166478604584762,3,0.9855473,0.0010541899,0.0043466515,0.009051841,0.9855473
177:49152,177,test,1,3,1726.0,12000,49152,53248,0.0155690625816994,3,0.983208,0.0013109175,0.007361493,0.008119619,0.983208
177:53248,177,test,1,3,1726.0,12000,53248,57344,0.0156533291899828,3,0.9868934,0.0012062099,0.004340387,0.0075600585,0.9868934
177:57344,177,test,1,3,1726.0,12000,57344,61440,0.0147144269690727,3,0.99196047,0.00067439664,0.0018221131,0.005543012,0.99196047
177:61440,177,test,1,3,1726.0,12000,61440,65536,0.0160068546321469,3,0.9885682,0.0009932709,0.0032425881,0.0071959724,0.9885682
177:65536,177,test,1,3,1726.0,12000,65536,69632,0.0146018781320755,3,0.97042817,0.0024724132,0.015004169,0.01209524,0.97042817
177:69632,177,test,1,3,1726.0,12000,69632,73728,0.014986359420261,3,0.97745216,0.0021313885,0.011479752,0.00893657,0.97745216
177:73728,177,test,1,3,1726.0,12000,73728,77824,0.0140754851337392,3,0.98517543,0.0013668599,0.0056999936,0.007757696,0.98517543
177:77824,177,test,1,3,1726.0,12000,77824,81920,0.015438897920659,3,0.9787577,0.0016506803,0.008153055,0.01143857,0.9787577
177:81920,177,test,1,3,1726.0,12000,81920,86016,0.0175404140213496,3,0.9859118,0.0010973872,0.0038758693,0.009114889,0.9859118
177:86016,177,test,1,3,1726.0,12000,86016,90112,0.0164663648207283,3,0.98904574,0.0010899171,0.0027858391,0.0070785866,0.98904574
177:90112,177,test,1,3,1726.0,12000,90112,94208,0.0158417752012925,3,0.98981595,0.00097019493,0.0024249034,0.006788893,0.98981595
177:94208,177,test,1,3,1726.0,12000,94208,98304,0.0168659563678517,3,0.98994166,0.0008425978,0.002211317,0.0070045236,0.98994166
177:98304,177,test,1,3,1726.0,12000,98304,102400,0.0166687027938308,3,0.9819212,0.0015787231,0.0062951306,0.0102049075,0.9819212
177:102400,177,test,1,3,1726.0,12000,102400,106496,0.0142970527606331,3,0.9920304,0.00063825137,0.0018653951,0.0054659736,0.9920304
177:106496,177,test,1,3,1726.0,12000,106496,110592,0.0147009848666886,3,0.99040985,0.00079736067,0.0026005565,0.006192323,0.99040985
177:110592,177,test,1,3,1726.0,12000,110592,114688,0.0161942172648467,3,0.9843613,0.0016639032,0.0069937664,0.006980992,0.9843613
177:114688,177,test,1,3,1726.0,12000,114688,118784,0.0161738369556557,3,0.99152863,0.00062824204,0.0017718092,0.0060712514,0.99152863
192:0,192,test,3,3,1725.0,12000,0,4096,0.0111802674828949,3,0.9916747,0.0006330351,0.0002032957,0.007488881,0.9916747
192:4096,192,test,3,3,1725.0,12000,4096,8192,0.012713060821723,3,0.9875072,0.0010845556,0.0005191179,0.0108890645,0.9875072
192:8192,192,test,3,3,1725.0,12000,8192,12288,0.0113968841303878,3,0.98507994,0.0008782065,0.00051993766,0.013521798,0.98507994
192:12288,192,test,3,3,1725.0,12000,12288,16384,0.0095725103324466,3,0.9804567,0.001767602,0.0018149826,0.015960695,0.9804567
192:16384,192,test,3,3,1725.0,12000,16384,20480,0.0117407119837473,3,0.99640465,0.000877355,0.00012591746,0.002592057,0.99640465
192:20480,192,test,3,3,1725.0,12000,20480,24576,0.0112656032749212,3,0.98552793,0.0010067618,0.0012293684,0.012235879,0.98552793
192:24576,192,test,3,3,1725.0,12000,24576,28672,0.0087475350262882,3,0.98481804,0.0011963969,0.0007951259,0.01319046,0.98481804
192:28672,192,test,3,3,1725.0,12000,28672,32768,0.0097466274068926,3,0.990393,0.00055971346,0.0004562753,0.008591014,0.990393
192:32768,192,test,3,3,1725.0,12000,32768,36864,0.0117252203095145,3,0.9943568,0.0004844691,0.00017011949,0.0049885875,0.9943568
192:36864,192,test,3,3,1725.0,12000,36864,40960,0.0108117044189329,3,0.9948671,0.0009146777,0.00016981037,0.00404842,0.9948671
192:40960,192,test,3,3,1725.0,12000,40960,45056,0.0106388699656119,3,0.9936382,0.00080020394,0.00023875202,0.0053227074,0.9936382
192:45056,192,test,3,3,1725.0,12000,45056,49152,0.0118388424794388,3,0.96193534,0.0042826356,0.00501629,0.028765708,0.96193534
192:49152,192,test,3,3,1725.0,12000,49152,53248,0.0108354734157157,3,0.9848567,0.0010362737,0.0010306578,0.0130762365,0.9848567
192:53248,192,test,3,3,1725.0,12000,53248,57344,0.0117949028879493,3,0.9833197,0.0010704268,0.00048340578,0.015126478,0.9833197
192:57344,192,test,3,3,1725.0,12000,57344,61440,0.0105119970970771,3,0.99494404,0.00073297427,0.00021838881,0.004104665,0.99494404
192:61440,192,test,3,3,1725.0,12000,61440,65536,0.0114561752154511,3,0.981529,0.00066647533,0.0007890139,0.01701562,0.981529
192:65536,192,test,3,3,1725.0,12000,65536,69632,0.0120699361287343,3,0.9911281,0.00053062313,0.00023769803,0.008103581,0.9911281
192:69632,192,test,3,3,1725.0,12000,69632,73728,0.0112746319542975,3,0.99699545,0.0002568274,6.0610313e-05,0.0026870796,0.99699545
192:73728,192,test,3,3,1725.0,12000,73728,77824,0.0102432202528638,3,0.99668497,0.00020620243,7.9726575e-05,0.0030290578,0.99668497
192:77824,192,test,3,3,1725.0,12000,77824,81920,0.0111482627066715,3,0.9903532,0.001166272,0.00052878784,0.007951668,0.9903532
192:81920,192,test,3,3,1725.0,12000,81920,86016,0.0124537965620182,3,0.99577075,0.0004022949,0.00013152687,0.0036954454,0.99577075
192:86016,192,test,3,3,1725.0,12000,86016,90112,0.0132810755431734,3,0.99288577,0.00045261593,0.00022203143,0.00643955,0.99288577
192:90112,192,test,3,3,1725.0,12000,90112,94208,0.0120266828437846,3,0.98880976,0.0011294925,0.0006600025,0.009400758,0.98880976
192:94208,192,test,3,3,1725.0,12000,94208,98304,0.0096642126240306,3,0.99189633,0.0006705335,0.00042196314,0.0070110825,0.99189633
192:98304,192,test,3,3,1725.0,12000,98304,102400,0.0107704054022373,3,0.9891032,0.0010371906,0.00043368855,0.009425895,0.9891032
192:102400,192,test,3,3,1725.0,12000,102400,106496,0.0141200070500662,3,0.98954916,0.0012827785,0.00095214613,0.008215896,0.98954916
192:106496,192,test,3,3,1725.0,12000,106496,110592,0.0112335918134511,3,0.9847201,0.0011017077,0.00076443335,0.013413774,0.9847201
192:110592,192,test,3,3,1725.0,12000,110592,114688,0.0088039342032926,3,0.9938008,0.0007056595,0.00023725501,0.005256266,0.9938008
192:114688,192,test,3,3,1725.0,12000,114688,118784,0.0115016823860324,3,0.9928209,0.0008277378,0.00036046735,0.005990854,0.9928209
204:0,204,test,2,3,1723.0,12000,0,4096,0.0136797739077418,3,0.6739784,0.00043191767,0.0009462851,0.32464343,0.6739784
204:4096,204,test,2,3,1723.0,12000,4096,8192,0.0130945747087586,3,0.70543486,0.0006506956,0.0012173875,0.29269713,0.70543486
204:8192,204,test,2,3,1723.0,12000,8192,12288,0.0133377229792149,3,0.81962174,0.0010665915,0.0014389487,0.17787275,0.81962174
204:12288,204,test,2,3,1723.0,12000,12288,16384,0.0138550872114302,3,0.8149718,0.00041291284,0.0007127156,0.18390265,0.8149718
204:16384,204,test,2,3,1723.0,12000,16384,20480,0.0136970205501794,3,0.6511537,0.0010679875,0.00194088,0.3458374,0.6511537
204:20480,204,test,2,3,1723.0,12000,20480,24576,0.0132059608131216,3,0.88407767,0.00057098607,0.0007439332,0.114607364,0.88407767
204:24576,204,test,2,3,1723.0,12000,24576,28672,0.0128873236233269,3,0.8320787,0.0005843304,0.00081146136,0.16652551,0.8320787
204:28672,204,test,2,3,1723.0,12000,28672,32768,0.0120871606145625,3,0.50160086,0.0010258768,0.0027163182,0.4946569,0.50160086
204:32768,204,test,2,3,1723.0,12000,32768,36864,0.0111391679260365,3,0.80896556,0.0007737337,0.0011657599,0.189095,0.80896556
204:36864,204,test,2,3,1723.0,12000,36864,40960,0.0132156356030177,3,0.6954624,0.0008323491,0.0015225174,0.30218276,0.6954624
204:40960,204,test,2,3,1723.0,12000,40960,45056,0.0098195585493431,3,0.71352535,0.0006160421,0.0010054818,0.28485316,0.71352535
204:45056,204,test,2,3,1723.0,12000,45056,49152,0.0090119195268133,3,0.81938934,0.00058618083,0.000918442,0.17910601,0.81938934
204:49152,204,test,2,3,1723.0,12000,49152,53248,0.0098944911157576,3,0.5325903,0.0014168005,0.0028419474,0.46315095,0.5325903
204:53248,204,test,2,3,1723.0,12000,53248,57344,0.0116891290615157,3,0.77953964,0.0006970293,0.0012785271,0.21848482,0.77953964
204:57344,204,test,2,3,1723.0,12000,57344,61440,0.0147340414471658,3,0.7732616,0.00042288902,0.00070339756,0.22561209,0.7732616
204:61440,204,test,2,3,1723.0,12000,61440,65536,0.0106600025482847,3,0.8529855,0.00050083606,0.0007074364,0.14580628,0.8529855
204:65536,204,test,2,3,1723.0,12000,65536,69632,0.0091025357398653,3,0.57500005,0.00034233902,0.0007550855,0.4239025,0.57500005
204:69632,204,test,2,3,1723.0,12000,69632,73728,0.010504683879325,3,0.66286796,0.00084020366,0.0017338005,0.33455804,0.66286796
204:73728,204,test,2,3,1723.0,12000,73728,77824,0.0092198120098554,2,0.5284407,0.0008993255,0.0016811973,0.5284407,0.4689788
204:77824,204,test,2,3,1723.0,12000,77824,81920,0.010017898933762,2,0.5263799,0.00044881649,0.001014273,0.5263799,0.47215697
204:81920,204,test,2,3,1723.0,12000,81920,86016,0.0108352840982816,3,0.8288222,0.00078787253,0.0010270295,0.16936289,0.8288222
204:86016,204,test,2,3,1723.0,12000,86016,90112,0.0102153248724174,3,0.6763477,0.00049674633,0.0010045851,0.322151,0.6763477
204:90112,204,test,2,3,1723.0,12000,90112,94208,0.008781890122552,3,0.89405423,0.0006742605,0.0008112033,0.1044603,0.89405423
204:94208,204,test,2,3,1723.0,12000,94208,98304,0.0086924897277901,3,0.5727763,0.0009305863,0.0019105492,0.42438257,0.5727763
204:98304,204,test,2,3,1723.0,12000,98304,102400,0.0087774661113785,3,0.80124307,0.0007305837,0.0011946548,0.19683173,0.80124307
204:102400,204,test,2,3,1723.0,12000,102400,106496,0.0104660898101544,3,0.62162185,0.0003854018,0.0007798978,0.37721282,0.62162185
204:106496,204,test,2,3,1723.0,12000,106496,110592,0.0125458300032805,3,0.6594131,0.000691166,0.0014769151,0.33841878,0.6594131
204:110592,204,test,2,3,1723.0,12000,110592,114688,0.0132249379196331,3,0.67601925,0.0010162811,0.0018762227,0.3210882,0.67601925
204:114688,204,test,2,3,1723.0,12000,114688,118784,0.0110595839701736,3,0.765062,0.0011204478,0.0015448141,0.23227276,0.765062
217:0,217,test,1,3,1727.0,12000,0,4096,0.005586496647498,1,0.9998437,5.6875782e-05,0.9998437,1.6008225e-05,8.343393e-05
217:4096,217,test,1,3,1727.0,12000,4096,8192,0.0054080626317761,1,0.9997876,5.696487e-05,0.9997876,2.1310834e-05,0.0001340786
217:8192,217,test,1,3,1727.0,12000,8192,12288,0.0057161584577573,1,0.9998441,5.3739805e-05,0.9998441,1.4813385e-05,8.7368426e-05
217:12288,217,test,1,3,1727.0,12000,12288,16384,0.0054085675339604,1,0.99983585,5.5167537e-05,0.99983585,1.8059014e-05,9.094401e-05
217:16384,217,test,1,3,1727.0,12000,16384,20480,0.0049610197674613,1,0.9999105,3.475106e-05,0.9999105,8.128e-06,4.6653975e-05
217:20480,217,test,1,3,1727.0,12000,20480,24576,0.00339324754912,1,0.9999163,3.5235218e-05,0.9999163,9.550338e-06,3.889111e-05
217:24576,217,test,1,3,1727.0,12000,24576,28672,0.0036721578601344,1,0.9998983,3.922247e-05,0.9998983,1.1238614e-05,5.1294184e-05
217:28672,217,test,1,3,1727.0,12000,28672,32768,0.0046812349471354,1,0.999876,4.482678e-05,0.999876,1.36842955e-05,6.5420056e-05
217:32768,217,test,1,3,1727.0,12000,32768,36864,0.004476176270873,1,0.99983716,6.0207072e-05,0.99983716,2.1479493e-05,8.116169e-05
217:36864,217,test,1,3,1727.0,12000,36864,40960,0.004512871370896,1,0.9999298,2.916835e-05,0.9999298,7.0337164e-06,3.3975597e-05
217:40960,217,test,1,3,1727.0,12000,40960,45056,0.004625951940077,1,0.9998987,3.9299797e-05,0.9998987,1.0551585e-05,5.1530482e-05
217:45056,217,test,1,3,1727.0,12000,45056,49152,0.0051792151957463,1,0.9999254,3.0516188e-05,0.9999254,8.108487e-06,3.6014888e-05
217:49152,217,test,1,3,1727.0,12000,49152,53248,0.0055248294200708,1,0.99990904,3.5109108e-05,0.99990904,1.0296595e-05,4.5557135e-05
217:53248,217,test,1,3,1727.0,12000,53248,57344,0.0050712063649592,1,0.99985826,4.9122344e-05,0.99985826,1.8147764e-05,7.44597e-05
217:57344,217,test,1,3,1727.0,12000,57344,61440,0.005126469256111,1,0.9999002,3.7733153e-05,0.9999002,1.144337e-05,5.0581315e-05
217:61440,217,test,1,3,1727.0,12000,61440,65536,0.0053337840832562,1,0.9998814,4.1589887e-05,0.9998814,1.3227307e-05,6.37895e-05
217:65536,217,test,1,3,1727.0,12000,65536,69632,0.0044437405842049,1,0.9999249,3.3097458e-05,0.9999249,8.704609e-06,3.3313045e-05
217:69632,217,test,1,3,1727.0,12000,69632,73728,0.0047448856445071,1,0.9998147,5.3725777e-05,0.9998147,1.847315e-05,0.000113049806
217:73728,217,test,1,3,1727.0,12000,73728,77824,0.0052357845303448,1,0.9999136,3.4326196e-05,0.9999136,8.575184e-06,4.348833e-05
217:77824,217,test,1,3,1727.0,12000,77824,81920,0.0043212025556227,1,0.999928,2.8736824e-05,0.999928,7.789745e-06,3.5528585e-05
217:81920,217,test,1,3,1727.0,12000,81920,86016,0.0051622400117261,1,0.99991405,3.048623e-05,0.99991405,9.511006e-06,4.584843e-05
217:86016,217,test,1,3,1727.0,12000,86016,90112,0.005366854174473,1,0.99987316,4.8319864e-05,0.99987316,1.268701e-05,6.580469e-05
217:90112,217,test,1,3,1727.0,12000,90112,94208,0.0056517015032034,1,0.99990463,3.4864483e-05,0.99990463,9.775632e-06,5.0701216e-05
217:94208,217,test,1,3,1727.0,12000,94208,98304,0.005859348263324,1,0.9998808,4.2804862e-05,0.9998808,1.4437488e-05,6.196683e-05
217:98304,217,test,1,3,1727.0,12000,98304,102400,0.0047548158149787,1,0.99985766,5.0918916e-05,0.99985766,1.5218311e-05,7.6169395e-05
217:102400,217,test,1,3,1727.0,12000,102400,106496,0.0051115284379377,1,0.9998437,5.5454133e-05,0.9998437,1.5073183e-05,8.566221e-05
217:106496,217,test,1,3,1727.0,12000,106496,110592,0.0058965672983686,1,0.9998963,3.644719e-05,0.9998963,1.01746145e-05,5.7049623e-05
217:110592,217,test,1,3,1727.0,12000,110592,114688,0.0047925721224836,1,0.9998797,4.964418e-05,0.9998797,1.228318e-05,5.826303e-05
217:114688,217,test,1,3,1727.0,12000,114688,118784,0.0053316155639304,1,0.99985504,5.188658e-05,0.99985504,1.4035328e-05,7.907791e-05
229:0,229,test,3,3,1729.0,12000,0,4096,0.0175453260127619,3,0.99909735,4.5850447e-05,7.4451586e-05,0.000782396,0.99909735
229:4096,229,test,3,3,1729.0,12000,4096,8192,0.0149707221981353,3,0.9988111,4.8865604e-05,0.00010073583,0.001039256,0.9988111
229:8192,229,test,3,3,1729.0,12000,8192,12288,0.0134786528672054,3,0.9940925,0.00034902268,0.00159427,0.0039642192,0.9940925
229:12288,229,test,3,3,1729.0,12000,12288,16384,0.0140596946860485,3,0.98689795,0.0007891588,0.004656306,0.0076565915,0.98689795
229:16384,229,test,3,3,1729.0,12000,16384,20480,0.0117022472392265,3,0.9992836,2.7916694e-05,4.9942522e-05,0.00063853647,0.9992836
229:20480,229,test,3,3,1729.0,12000,20480,24576,0.010509198092449,3,0.84191644,0.005746772,0.016782418,0.13555437,0.84191644
229:24576,229,test,3,3,1729.0,12000,24576,28672,0.0123599868352178,3,0.99888307,5.9089703e-05,0.00018642415,0.000871387,0.99888307
229:28672,229,test,3,3,1729.0,12000,28672,32768,0.0133663754919174,3,0.9990061,3.5142228e-05,6.536058e-05,0.0008933792,0.9990061
229:32768,229,test,3,3,1729.0,12000,32768,36864,0.0111867098455548,3,0.8378968,0.009056153,0.046565205,0.10648178,0.8378968
229:36864,229,test,3,3,1729.0,12000,36864,40960,0.0119394677350659,3,0.9984351,7.984608e-05,0.00018512826,0.0012999353,0.9984351
229:40960,229,test,3,3,1729.0,12000,40960,45056,0.0120133276220896,3,0.99928457,3.3188873e-05,5.0622344e-05,0.0006316063,0.99928457
229:45056,229,test,3,3,1729.0,12000,45056,49152,0.0136949914308311,3,0.99820673,0.0001047773,0.00039213194,0.0012963712,0.99820673
229:49152,229,test,3,3,1729.0,12000,49152,53248,0.0137047363662565,3,0.9990964,5.075284e-05,0.000107939915,0.00074492145,0.9990964
229:53248,229,test,3,3,1729.0,12000,53248,57344,0.0101748003313529,3,0.9637263,0.0017338876,0.00585689,0.028683031,0.9637263
229:57344,229,test,3,3,1729.0,12000,57344,61440,0.0123615978060437,3,0.9948553,0.00026161046,0.0015820432,0.0033010133,0.9948553
229:61440,229,test,3,3,1729.0,12000,61440,65536,0.0143028583774158,3,0.9985996,5.1421834e-05,0.00012293684,0.0012260355,0.9985996
229:65536,229,test,3,3,1729.0,12000,65536,69632,0.0132240209761796,3,0.73898506,0.005364599,0.009203301,0.24644698,0.73898506
229:69632,229,test,3,3,1729.0,12000,69632,73728,0.0092491119713845,3,0.99427235,0.00033016503,0.0017086195,0.003688829,0.99427235
229:73728,229,test,3,3,1729.0,12000,73728,77824,0.0087510371522943,3,0.9987295,5.8389192e-05,0.00012237353,0.0010896544,0.9987295
229:77824,229,test,3,3,1729.0,12000,77824,81920,0.0069384251421961,3,0.69187665,0.01741167,0.12719548,0.1635162,0.69187665
229:81920,229,test,3,3,1729.0,12000,81920,86016,0.0066522882396664,3,0.9900718,0.0005635755,0.0038899542,0.005474593,0.9900718
229:86016,229,test,3,3,1729.0,12000,86016,90112,0.0101499787492495,3,0.99885285,4.45302e-05,8.717052e-05,0.0010154942,0.99885285
229:90112,229,test,3,3,1729.0,12000,90112,94208,0.0107368163462907,3,0.99539906,0.00020477192,0.00046608094,0.0039300597,0.99539906
229:94208,229,test,3,3,1729.0,12000,94208,98304,0.0090153808272771,3,0.95350695,0.0015855994,0.0042874287,0.040620077,0.95350695
229:98304,229,test,3,3,1729.0,12000,98304,102400,0.0089357559365749,3,0.99894303,4.1614745e-05,0.000112835936,0.00090243574,0.99894303
229:102400,229,test,3,3,1729.0,12000,102400,106496,0.0106825366991185,3,0.9838308,0.0007730535,0.0028454107,0.012550734,0.9838308
229:106496,229,test,3,3,1729.0,12000,106496,110592,0.0128065436509527,3,0.9989962,4.8460795e-05,0.0001091093,0.0008462609,0.9989962
229:110592,229,test,3,3,1729.0,12000,110592,114688,0.0114798121820261,3,0.9989089,5.0656956e-05,0.00012166409,0.0009187082,0.9989089
229:114688,229,test,3,3,1729.0,12000,114688,118784,0.0121051201804516,3,0.9990314,5.0214523e-05,0.000104624916,0.00081373326,0.9990314
241:0,241,test,2,3,1719.0,12000,0,4096,0.0154923845185795,2,0.9479572,0.01257065,0.0052997116,0.9479572,0.03417246
241:4096,241,test,2,3,1719.0,12000,4096,8192,0.0159781330769721,2,0.92779607,0.01718578,0.007953976,0.92779607,0.047064118
241:8192,241,test,2,3,1719.0,12000,8192,12288,0.0130560134044871,2,0.95167685,0.008540919,0.0050306385,0.95167685,0.034751616
241:12288,241,test,2,3,1719.0,12000,12288,16384,0.0122694807788682,2,0.8936444,0.014235945,0.0069586276,0.8936444,0.085160986
241:16384,241,test,2,3,1719.0,12000,16384,20480,0.0114571996145854,2,0.93355024,0.014940904,0.008510479,0.93355024,0.04299831
241:20480,241,test,2,3,1719.0,12000,20480,24576,0.0122670071231955,2,0.88572633,0.01476421,0.00874944,0.88572633,0.09076
241:24576,241,test,2,3,1719.0,12000,24576,28672,0.013320828219684,2,0.8419854,0.04140277,0.017336221,0.8419854,0.09927562
241:28672,241,test,2,3,1719.0,12000,28672,32768,0.0153859784042213,2,0.9354301,0.011409176,0.005275418,0.9354301,0.047885325
241:32768,241,test,2,3,1719.0,12000,32768,36864,0.0137181084920831,2,0.8856255,0.015827266,0.006363269,0.8856255,0.09218399
241:36864,241,test,2,3,1719.0,12000,36864,40960,0.0146817545546045,2,0.96321535,0.007712162,0.003836788,0.96321535,0.025235683
241:40960,241,test,2,3,1719.0,12000,40960,45056,0.0181386515717505,2,0.79820794,0.020432308,0.008444479,0.79820794,0.17291534
241:45056,241,test,2,3,1719.0,12000,45056,49152,0.01534739683969,2,0.9396819,0.012936889,0.006328267,0.9396819,0.041052856
241:49152,241,test,2,3,1719.0,12000,49152,53248,0.015179046133658,2,0.95284235,0.015066525,0.0063773207,0.95284235,0.025713766
241:53248,241,test,2,3,1719.0,12000,53248,57344,0.0146191066974551,2,0.8008102,0.027531397,0.010629884,0.8008102,0.16102841
241:57344,241,test,2,3,1719.0,12000,57344,61440,0.0140807978236633,2,0.93816334,0.012288322,0.0046434035,0.93816334,0.04490497
241:61440,241,test,2,3,1719.0,12000,61440,65536,0.013093886607679,2,0.91281366,0.016084153,0.008485992,0.91281366,0.062616155
241:65536,241,test,2,3,1719.0,12000,65536,69632,0.0130885331341534,2,0.8859009,0.020828955,0.008298935,0.8859009,0.08497119
241:69632,241,test,2,3,1719.0,12000,69632,73728,0.0134949962564616,2,0.99124444,0.0027988558,0.0011097345,0.99124444,0.004847008
241:73728,241,test,2,3,1719.0,12000,73728,77824,0.0126530398710395,2,0.94344956,0.012462088,0.0051960214,0.94344956,0.03889227
241:77824,241,test,2,3,1719.0,12000,77824,81920,0.012248466435453,2,0.9279873,0.010661076,0.005412845,0.9279873,0.05593874
241:81920,241,test,2,3,1719.0,12000,81920,86016,0.0148811053636215,2,0.92445916,0.012168995,0.007897483,0.92445916,0.055474438
241:86016,241,test,2,3,1719.0,12000,86016,90112,0.012652327607228,2,0.946254,0.01101587,0.006204673,0.946254,0.03652555
241:90112,241,test,2,3,1719.0,12000,90112,94208,0.0124259444698353,2,0.9484248,0.011799268,0.0037838782,0.9484248,0.035992023
241:94208,241,test,2,3,1719.0,12000,94208,98304,0.013987661233031,2,0.8887746,0.013551275,0.003765929,0.8887746,0.09390824
241:98304,241,test,2,3,1719.0,12000,98304,102400,0.0151299528751528,2,0.62506,0.025141666,0.012041236,0.62506,0.3377571
241:102400,241,test,2,3,1719.0,12000,102400,106496,0.0164691081964532,2,0.94140166,0.01198853,0.0041716597,0.94140166,0.042438198
241:106496,241,test,2,3,1719.0,12000,106496,110592,0.01561090503173,2,0.86251473,0.016281579,0.009089109,0.86251473,0.11211452
241:110592,241,test,2,3,1719.0,12000,110592,114688,0.0131601518313937,2,0.8693161,0.01431966,0.008461469,0.8693161,0.10790279
241:114688,241,test,2,3,1719.0,12000,114688,118784,0.0138380053661246,2,0.60005987,0.030148067,0.010298978,0.60005987,0.3594931
