sample_id,source_id,split,label,load_hp,rpm,sampling_rate,start,end,raw_mean,predicted,confidence
100:0,100,test,0,3,1725.0,12000,0,4096,0.0127841631963994,0,0.8021111111111112
100:4096,100,test,0,3,1725.0,12000,4096,8192,0.0143389199901174,0,0.7940555555555555
100:8192,100,test,0,3,1725.0,12000,8192,12288,0.0158433044696532,0,0.7946111111111112
100:12288,100,test,0,3,1725.0,12000,12288,16384,0.0129677866917891,0,0.8132222222222222
100:16384,100,test,0,3,1725.0,12000,16384,20480,0.0141145934414752,0,0.8130555555555555
100:20480,100,test,0,3,1725.0,12000,20480,24576,0.0131060305731628,0,0.8130555555555555
100:24576,100,test,0,3,1725.0,12000,24576,28672,0.0103433149253219,0,0.8130555555555555
100:28672,100,test,0,3,1725.0,12000,28672,32768,0.008947187424838,0,0.8130555555555555
100:32768,100,test,0,3,1725.0,12000,32768,36864,0.0078820443571631,0,0.8021111111111112
100:36864,100,test,0,3,1725.0,12000,36864,40960,0.012409692018314,0,0.8019444444444445
100:40960,100,test,0,3,1725.0,12000,40960,45056,0.0130751768205868,0,0.8130555555555555
100:45056,100,test,0,3,1725.0,12000,45056,49152,0.0116740847572553,0,0.7997222222222222
100:49152,100,test,0,3,1725.0,12000,49152,53248,0.0130157606205997,0,0.8130555555555555
100:53248,100,test,0,3,1725.0,12000,53248,57344,0.0140279867938563,0,0.8132222222222222
100:57344,100,test,0,3,1725.0,12000,57344,61440,0.0116203524803779,0,0.8052777777777778
100:61440,100,test,0,3,1725.0,12000,61440,65536,0.0121762002609695,0,0.8121111111111112
100:65536,100,test,0,3,1725.0,12000,65536,69632,0.012722637283986,0,0.8087777777777778
100:69632,100,test,0,3,1725.0,12000,69632,73728,0.0114232695565611,0,0.8046111111111112
100:73728,100,test,0,3,1725.0,12000,73728,77824,0.0103873945776514,0,0.8132222222222222
100:77824,100,test,0,3,1725.0,12000,77824,81920,0.0110672026319063,0,0.8132222222222222
100:81920,100,test,0,3,1725.0,12000,81920,86016,0.0121365974416817,0,0.8130555555555555
100:86016,100,test,0,3,1725.0,12000,86016,90112,0.0131307423993928,0,0.8130555555555555
100:90112,100,test,0,3,1725.0,12000,90112,94208,0.0112619869529826,0,0.8044444444444445
100:94208,100,test,0,3,1725.0,12000,94208,98304,0.0119763383419296,0,0.7921111111111112
100:98304,100,test,0,3,1725.0,12000,98304,102400,0.0124933027681781,0,0.8130555555555555
100:102400,100,test,0,3,1725.0,12000,102400,106496,0.014648269704829,0,0.8105555555555555
100:106496,100,test,0,3,1725.0,12000,106496,110592,0.0143010953493052,0,0.8097222222222222
100:110592,100,test,0,3,1725.0,12000,110592,114688,0.0127186746827418,0,0.8130555555555555
100:114688,100,test,0,3,1725.0,12000,114688,118784,0.0132536104635387,0,0.5554444444444444
112:0,112,test,1,3,1721.0,12000,0,4096,0.0140120864579735,3,0.47183333333333327
112:4096,112,test,1,3,1721.0,12000,4096,8192,0.0122333252257547,1,0.6976666666666667
112:8192,112,test,1,3,1721.0,12000,8192,12288,0.0137830635593102,3,0.4680555555555555
112:12288,112,test,1,3,1721.0,12000,12288,16384,0.0151642202341894,1,0.678611111111111
112:16384,112,test,1,3,1721.0,12000,16384,20480,0.0166296883850381,1,0.6835555555555556
112:20480,112,test,1,3,1721.0,12000,20480,24576,0.0144714880411141,1,0.704388888888889
112:24576,112,test,1,3,1721.0,12000,24576,28672,0.0158781224457338,3,0.4786666666666666
112:28672,112,test,1,3,1721.0,12000,28672,32768,0.0163149707833731,1,0.6858333333333332
112:32768,112,test,1,3,1721.0,12000,32768,36864,0.0135575342849771,1,0.7053333333333334
112:36864,112,test,1,3,1721.0,12000,36864,40960,0.014032706353773,1,0.6799444444444444
112:40960,112,test,1,3,1721.0,12000,40960,45056,0.0139368764494193,1,0.6741111111111112
112:45056,112,test,1,3,1721.0,12000,45056,49152,0.0156311649438628,1,0.6993333333333334
112:49152,112,test,1,3,1721.0,12000,49152,53248,0.0177870189230262,3,0.44116666666666654
112:53248,112,test,1,3,1721.0,12000,53248,57344,0.0147743902323854,1,0.6943333333333334
112:57344,112,test,1,3,1721.0,12000,57344,61440,0.0136413148383775,1,0.6432777777777777
112:61440,112,test,1,3,1721.0,12000,61440,65536,0.0150296439045078,1,0.6910000000000001
112:65536,112,test,1,3,1721.0,12000,65536,69632,0.0160795840945827,1,0.6575555555555556
112:69632,112,test,1,3,1721.0,12000,69632,73728,0.0167061556468361,1,0.6799444444444444
112:73728,112,test,1,3,1721.0,12000,73728,77824,0.0138638112952253,1,0.6776666666666668
112:77824,112,test,1,3,1721.0,12000,77824,81920,0.0155305061585884,3,0.4601666666666665
112:81920,112,test,1,3,1721.0,12000,81920,86016,0.0173488309834474,3,0.44427777777777766
112:86016,112,test,1,3,1721.0,12000,86016,90112,0.0180615677354198,3,0.4482777777777777
112:90112,112,test,1,3,1721.0,12000,90112,94208,0.0167416317360945,1,0.6537777777777779
112:94208,112,test,1,3,1721.0,12000,94208,98304,0.0124501614930203,1,0.6121666666666666
112:98304,112,test,1,3,1721.0,12000,98304,102400,0.0122533280806179,1,0.7127222222222221
112:102400,112,test,1,3,1721.0,12000,102400,106496,0.0114867609365522,1,0.7249999999999998
112:106496,112,test,1,3,1721.0,12000,106496,110592,0.0148151361919204,1,0.6479999999999999
112:110592,112,test,1,3,1721.0,12000,110592,114688,0.0147549321325378,1,0.6532777777777777
112:114688,112,test,1,3,1721.0,12000,114688,118784,0.0160349282206361,1,0.7324444444444445
125:0,125,test,3,3,1721.0,12000,0,4096,0.0134590755524493,3,0.756388888888889
125:4096,125,test,3,3,1721.0,12000,4096,8192,0.0149162180577411,3,0.814111111111111
125:8192,125,test,3,3,1721.0,12000,8192,12288,0.0136992260759337,3,0.775
125:12288,125,test,3,3,1721.0,12000,12288,16384,0.0159898284652388,3,0.8638888888888888
125:16384,125,test,3,3,1721.0,12000,16384,20480,0.0144756725977857,3,0.8220555555555555
125:20480,125,test,3,3,1721.0,12000,20480,24576,0.0121310148127261,3,0.8246111111111111
125:24576,125,test,3,3,1721.0,12000,24576,28672,0.014431721995889,3,0.762388888888889
125:28672,125,test,3,3,1721.0,12000,28672,32768,0.0162748566076515,3,0.8007222222222222
125:32768,125,test,3,3,1721.0,12000,32768,36864,0.0161030927244993,3,0.7836111111111111
125:36864,125,test,3,3,1721.0,12000,36864,40960,0.0155369936353771,3,0.7611666666666667
125:40960,125,test,3,3,1721.0,12000,40960,45056,0.0160409623956903,3,0.8216666666666667
125:45056,125,test,3,3,1721.0,12000,45056,49152,0.014460171397204,3,0.8103333333333333
125:49152,125,test,3,3,1721.0,12000,49152,53248,0.0147326633478808,3,0.8529444444444445
125:53248,125,test,3,3,1721.0,12000,53248,57344,0.0158459769197861,3,0.765611111111111
125:57344,125,test,3,3,1721.0,12000,57344,61440,0.0170803005172384,3,0.7946666666666666
125:61440,125,test,3,3,1721.0,12000,61440,65536,0.0161529774228416,3,0.755388888888889
125:65536,125,test,3,3,1721.0,12000,65536,69632,0.0165057081240539,3,0.777
125:69632,125,test,3,3,1721.0,12000,69632,73728,0.0170568927082635,3,0.8131666666666666
125:73728,125,test,3,3,1721.0,12000,73728,77824,0.016171166645861,3,0.8055555555555555
125:77824,125,test,3,3,1721.0,12000,77824,81920,0.0154465178932803,3,0.8417777777777776
125:81920,125,test,3,3,1721.0,12000,81920,86016,0.0139173345960143,3,0.8251111111111111
125:86016,125,test,3,3,1721.0,12000,86016,90112,0.0135444626221604,3,0.8183333333333334
125:90112,125,test,3,3,1721.0,12000,90112,94208,0.0149171700387076,3,0.7633888888888889
125:94208,125,test,3,3,1721.0,12000,94208,98304,0.0119546412667187,3,0.8056666666666666
125:98304,125,test,3,3,1721.0,12000,98304,102400,0.0102592985215888,3,0.8088333333333334
125:102400,125,test,3,3,1721.0,12000,102400,106496,0.0121046574037725,3,0.795
125:106496,125,test,3,3,1721.0,12000,106496,110592,0.0114675246065771,3,0.7795
125:110592,125,test,3,3,1721.0,12000,110592,114688,0.0151130129838665,3,0.7506111111111111
125:114688,125,test,3,3,1721.0,12000,114688,118784,0.0154375267063233,3,0.7728333333333333
138:0,138,test,2,3,1725.0,12000,0,4096,0.0126647840542127,2,0.6913888888888888
138:4096,138,test,2,3,1725.0,12000,4096,8192,0.0125666547664626,2,0.6894444444444445
138:8192,138,test,2,3,1725.0,12000,8192,12288,0.0122391388318063,2,0.6936111111111112
138:12288,138,test,2,3,1725.0,12000,12288,16384,0.0118910324911904,2,0.6855555555555556
138:16384,138,test,2,3,1725.0,12000,16384,20480,0.0115982015297568,2,0.693888888888889
138:20480,138,test,2,3,1725.0,12000,20480,24576,0.0129113498617737,2,0.6886111111111112
138:24576,138,test,2,3,1725.0,12000,24576,28672,0.0120061932017655,2,0.6886111111111112
138:28672,138,test,2,3,1725.0,12000,28672,32768,0.0091404224482542,2,0.6922222222222223
138:32768,138,test,2,3,1725.0,12000,32768,36864,0.0138594563425538,2,0.6905555555555556
138:36864,138,test,2,3,1725.0,12000,36864,40960,0.0118847822966512,2,0.7019444444444445
138:40960,138,test,2,3,1725.0,12000,40960,45056,0.0108545220052291,2,0.7138888888888889
138:45056,138,test,2,3,1725.0,12000,45056,49152,0.010333039570857,2,0.683888888888889
138:49152,138,test,2,3,1725.0,12000,49152,53248,0.0099294274179467,2,0.683888888888889
138:53248,138,test,2,3,1725.0,12000,53248,57344,0.0130664705271825,2,0.6830555555555556
138:57344,138,test,2,3,1725.0,12000,57344,61440,0.0116419329280741,2,0.6872222222222223
138:61440,138,test,2,3,1725.0,12000,61440,65536,0.011761331039369,2,0.6855555555555556
138:65536,138,test,2,3,1725.0,12000,65536,69632,0.0133065487410767,2,0.6822222222222223
138:69632,138,test,2,3,1725.0,12000,69632,73728,0.0138479119869471,2,0.683888888888889
138:73728,138,test,2,3,1725.0,12000,73728,77824,0.0109927334035347,2,0.6872222222222223
138:77824,138,test,2,3,1725.0,12000,77824,81920,0.0116706858670829,2,0.6866666666666666
138:81920,138,test,2,3,1725.0,12000,81920,86016,0.0111052537548821,2,0.6894444444444445
138:86016,138,test,2,3,1725.0,12000,86016,90112,0.0087400229791449,2,0.7011111111111111
138:90112,138,test,2,3,1725.0,12000,90112,94208,0.009476614353425,2,0.6830555555555556
138:94208,138,test,2,3,1725.0,12000,94208,98304,0.0101116171204827,2,0.7002777777777778
138:98304,138,test,2,3,1725.0,12000,98304,102400,0.0123335731494543,2,0.6880555555555556
138:102400,138,test,2,3,1725.0,12000,102400,106496,0.0121723423287647,2,0.6977777777777778
138:106496,138,test,2,3,1725.0,12000,106496,110592,0.0121922098397018,2,0.6905555555555555
138:110592,138,test,2,3,1725.0,12000,110592,114688,0.0131870040963426,2,0.6894444444444445
138:114688,138,test,2,3,1725.0,12000,114688,118784,0.0109690641020143,2,0.6897222222222222
177:0,177,test,1,3,1726.0,12000,0,4096,0.0184144374353689,1,0.6947222222222222
177:4096,177,test,1,3,1726.0,12000,4096,8192,0.082959894851941,3,0.5943888888888887
177:8192,177,test,1,3,1726.0,12000,8192,12288,0.0142162260445413,1,0.6986111111111112
177:12288,177,test,1,3,1726.0,12000,12288,16384,0.0141926885331269,1,0.736388888888889
177:16384,177,test,1,3,1726.0,12000,16384,20480,0.0126050544507265,1,0.6441666666666668
177:20480,177,test,1,3,1726.0,12000,20480,24576,0.0131339618740944,1,0.7218333333333333
177:24576,177,test,1,3,1726.0,12000,24576,28672,0.013731430272807,1,0.7282222222222222
177:28672,177,test,1,3,1726.0,12000,28672,32768,0.0149100057251802,1,0.7334999999999999
177:32768,177,test,1,3,1726.0,12000,32768,36864,0.0174232474147087,1,0.6575000000000001
177:36864,177,test,1,3,1726.0,12000,36864,40960,0.016422510450972,1,0.6594444444444445
177:40960,177,test,1,3,1726.0,12000,40960,45056,0.0194296075352153,1,0.6780555555555556
177:45056,177,test,1,3,1726.0,12000,45056,49152,0.0166478604584762,1,0.7438888888888889
177:49152,177,test,1,3,1726.0,12000,49152,53248,0.0155690625816994,1,0.7005555555555556
177:53248,177,test,1,3,1726.0,12000,53248,57344,0.0156533291899828,1,0.7080555555555557
177:57344,177,test,1,3,1726.0,12000,57344,61440,0.0147144269690727,1,0.7508333333333334
177:61440,177,test,1,3,1726.0,12000,61440,65536,0.0160068546321469,1,0.6833333333333335
177:65536,177,test,1,3,1726.0,12000,65536,69632,0.0146018781320755,1,0.774611111111111
177:69632,177,test,1,3,1726.0,12000,69632,73728,0.014986359420261,1,0.663888888888889
177:73728,177,test,1,3,1726.0,12000,73728,77824,0.0140754851337392,1,0.7273888888888889
177:77824,177,test,1,3,1726.0,12000,77824,81920,0.015438897920659,1,0.75
177:81920,177,test,1,3,1726.0,12000,81920,86016,0.0175404140213496,1,0.7717777777777779
177:86016,177,test,1,3,1726.0,12000,86016,90112,0.0164663648207283,1,0.6137777777777778
177:90112,177,test,1,3,1726.0,12000,90112,94208,0.0158417752012925,1,0.6283333333333334
177:94208,177,test,1,3,1726.0,12000,94208,98304,0.0168659563678517,1,0.6773888888888889
177:98304,177,test,1,3,1726.0,12000,98304,102400,0.0166687027938308,1,0.7440555555555556
177:102400,177,test,1,3,1726.0,12000,102400,106496,0.0142970527606331,1,0.7297222222222223
177:106496,177,test,1,3,1726.0,12000,106496,110592,0.0147009848666886,1,0.7302777777777777
177:110592,177,test,1,3,1726.0,12000,110592,114688,0.0161942172648467,1,0.7655555555555557
177:114688,177,test,1,3,1726.0,12000,114688,118784,0.0161738369556557,1,0.6500000000000001
192:0,192,test,3,3,1725.0,12000,0,4096,0.0111802674828949,3,0.8323650793650793
192:4096,192,test,3,3,1725.0,12000,4096,8192,0.012713060821723,3,0.8219761904761904
192:8192,192,test,3,3,1725.0,12000,8192,12288,0.0113968841303878,3,0.5536111111111112
192:12288,192,test,3,3,1725.0,12000,12288,16384,0.0095725103324466,1,0.5437777777777778
192:16384,192,test,3,3,1725.0,12000,16384,20480,0.0117407119837473,3,0.8428095238095239
192:20480,192,test,3,3,1725.0,12000,20480,24576,0.0112656032749212,3,0.6247777777777778
192:24576,192,test,3,3,1725.0,12000,24576,28672,0.0087475350262882,3,0.5588333333333334
192:28672,192,test,3,3,1725.0,12000,28672,32768,0.0097466274068926,1,0.5769444444444446
192:32768,192,test,3,3,1725.0,12000,32768,36864,0.0117252203095145,3,0.6753650793650794
192:36864,192,test,3,3,1725.0,12000,36864,40960,0.0108117044189329,3,0.8255555555555556
192:40960,192,test,3,3,1725.0,12000,40960,45056,0.0106388699656119,3,0.8484761904761905
192:45056,192,test,3,3,1725.0,12000,45056,49152,0.0118388424794388,3,0.5799444444444444
192:49152,192,test,3,3,1725.0,12000,49152,53248,0.0108354734157157,3,0.5825555555555555
192:53248,192,test,3,3,1725.0,12000,53248,57344,0.0117949028879493,3,0.7693095238095239
192:57344,192,test,3,3,1725.0,12000,57344,61440,0.0105119970970771,3,0.8157777777777778
192:61440,192,test,3,3,1725.0,12000,61440,65536,0.0114561752154511,3,0.5749444444444444
192:65536,192,test,3,3,1725.0,12000,65536,69632,0.0120699361287343,3,0.5840555555555554
192:69632,192,test,3,3,1725.0,12000,69632,73728,0.0112746319542975,3,0.8524444444444444
192:73728,192,test,3,3,1725.0,12000,73728,77824,0.0102432202528638,3,0.7491428571428572
192:77824,192,test,3,3,1725.0,12000,77824,81920,0.0111482627066715,3,0.8318888888888889
192:81920,192,test,3,3,1725.0,12000,81920,86016,0.0124537965620182,3,0.8402222222222223
192:86016,192,test,3,3,1725.0,12000,86016,90112,0.0132810755431734,3,0.8273650793650793
192:90112,192,test,3,3,1725.0,12000,90112,94208,0.0120266828437846,3,0.7745873015873015
192:94208,192,test,3,3,1725.0,12000,94208,98304,0.0096642126240306,3,0.767920634920635
192:98304,192,test,3,3,1725.0,12000,98304,102400,0.0107704054022373,3,0.7599444444444445
192:102400,192,test,3,3,1725.0,12000,102400,106496,0.0141200070500662,1,0.595
192:106496,192,test,3,3,1725.0,12000,106496,110592,0.0112335918134511,3,0.5236111111111111
192:110592,192,test,3,3,1725.0,12000,110592,114688,0.0088039342032926,3,0.8200000000000001
192:114688,192,test,3,3,1725.0,12000,114688,118784,0.0115016823860324,3,0.6435079365079365
204:0,204,test,2,3,1723.0,12000,0,4096,0.0136797739077418,3,0.8015555555555556
204:4096,204,test,2,3,1723.0,12000,4096,8192,0.0130945747087586,3,0.7105000000000001
204:8192,204,test,2,3,1723.0,12000,8192,12288,0.0133377229792149,3,0.7931666666666667
204:12288,204,test,2,3,1723.0,12000,12288,16384,0.0138550872114302,3,0.7394444444444445
204:16384,204,test,2,3,1723.0,12000,16384,20480,0.0136970205501794,3,0.7880555555555555
204:20480,204,test,2,3,1723.0,12000,20480,24576,0.0132059608131216,3,0.777888888888889
204:24576,204,test,2,3,1723.0,12000,24576,28672,0.0128873236233269,3,0.8301111111111111
204:28672,204,test,2,3,1723.0,12000,28672,32768,0.0120871606145625,3,0.7335555555555557
204:32768,204,test,2,3,1723.0,12000,32768,36864,0.0111391679260365,3,0.7561111111111113
204:36864,204,test,2,3,1723.0,12000,36864,40960,0.0132156356030177,3,0.7177777777777778
204:40960,204,test,2,3,1723.0,12000,40960,45056,0.0098195585493431,3,0.8093333333333332
204:45056,204,test,2,3,1723.0,12000,45056,49152,0.0090119195268133,3,0.7582222222222221
204:49152,204,test,2,3,1723.0,12000,49152,53248,0.0098944911157576,3,0.7877777777777778
204:53248,204,test,2,3,1723.0,12000,53248,57344,0.0116891290615157,3,0.7394444444444446
204:57344,204,test,2,3,1723.0,12000,57344,61440,0.0147340414471658,3,0.7926111111111112
204:61440,204,test,2,3,1723.0,12000,61440,65536,0.0106600025482847,3,0.7383333333333333
204:65536,204,test,2,3,1723.0,12000,65536,69632,0.0091025357398653,3,0.7491111111111113
204:69632,204,test,2,3,1723.0,12000,69632,73728,0.010504683879325,3,0.7775555555555556
204:73728,204,test,2,3,1723.0,12000,73728,77824,0.0092198120098554,3,0.8348888888888889
204:77824,204,test,2,3,1723.0,12000,77824,81920,0.010017898933762,3,0.7837777777777778
204:81920,204,test,2,3,1723.0,12000,81920,86016,0.0108352840982816,3,0.8334444444444445
204:86016,204,test,2,3,1723.0,12000,86016,90112,0.0102153248724174,3,0.8476111111111112
204:90112,204,test,2,3,1723.0,12000,90112,94208,0.008781890122552,3,0.7820555555555556
204:94208,204,test,2,3,1723.0,12000,94208,98304,0.0086924897277901,3,0.7708333333333334
204:98304,204,test,2,3,1723.0,12000,98304,102400,0.0087774661113785,3,0.7902777777777779
204:102400,204,test,2,3,1723.0,12000,102400,106496,0.0104660898101544,3,0.8716111111111111
204:106496,204,test,2,3,1723.0,12000,106496,110592,0.0125458300032805,3,0.7766666666666666
204:110592,204,test,2,3,1723.0,12000,110592,114688,0.0132249379196331,3,0.7888888888888889
204:114688,204,test,2,3,1723.0,12000,114688,118784,0.0110595839701736,3,0.7559444444444444
217:0,217,test,1,3,1727.0,12000,0,4096,0.005586496647498,1,0.6127777777777778
217:4096,217,test,1,3,1727.0,12000,4096,8192,0.0054080626317761,3,0.5119444444444444
217:8192,217,test,1,3,1727.0,12000,8192,12288,0.0057161584577573,3,0.4825
217:12288,217,test,1,3,1727.0,12000,12288,16384,0.0054085675339604,3,0.47583333333333333
217:16384,217,test,1,3,1727.0,12000,16384,20480,0.0049610197674613,3,0.48638888888888887
217:20480,217,test,1,3,1727.0,12000,20480,24576,0.00339324754912,1,0.48411111111111116
217:24576,217,test,1,3,1727.0,12000,24576,28672,0.0036721578601344,1,0.5961666666666666
217:28672,217,test,1,3,1727.0,12000,28672,32768,0.0046812349471354,1,0.6791666666666667
217:32768,217,test,1,3,1727.0,12000,32768,36864,0.004476176270873,1,0.5491666666666667
217:36864,217,test,1,3,1727.0,12000,36864,40960,0.004512871370896,1,0.5994444444444443
217:40960,217,test,1,3,1727.0,12000,40960,45056,0.004625951940077,1,0.5397222222222222
217:45056,217,test,1,3,1727.0,12000,45056,49152,0.0051792151957463,1,0.5655555555555556
217:49152,217,test,1,3,1727.0,12000,49152,53248,0.0055248294200708,1,0.6063888888888889
217:53248,217,test,1,3,1727.0,12000,53248,57344,0.0050712063649592,1,0.6633333333333333
217:57344,217,test,1,3,1727.0,12000,57344,61440,0.005126469256111,1,0.5097222222222223
217:61440,217,test,1,3,1727.0,12000,61440,65536,0.0053337840832562,1,0.54
217:65536,217,test,1,3,1727.0,12000,65536,69632,0.0044437405842049,3,0.5147222222222222
217:69632,217,test,1,3,1727.0,12000,69632,73728,0.0047448856445071,3,0.5212777777777778
217:73728,217,test,1,3,1727.0,12000,73728,77824,0.0052357845303448,3,0.5486111111111112
217:77824,217,test,1,3,1727.0,12000,77824,81920,0.0043212025556227,1,0.478888888888889
217:81920,217,test,1,3,1727.0,12000,81920,86016,0.0051622400117261,1,0.6119444444444444
217:86016,217,test,1,3,1727.0,12000,86016,90112,0.005366854174473,1,0.5147222222222222
217:90112,217,test,1,3,1727.0,12000,90112,94208,0.0056517015032034,1,0.6172222222222222
217:94208,217,test,1,3,1727.0,12000,94208,98304,0.005859348263324,1,0.6277777777777778
217:98304,217,test,1,3,1727.0,12000,98304,102400,0.0047548158149787,3,0.547388888888889
217:102400,217,test,1,3,1727.0,12000,102400,106496,0.0051115284379377,1,0.5958333333333334
217:106496,217,test,1,3,1727.0,12000,106496,110592,0.0058965672983686,1,0.72
217:110592,217,test,1,3,1727.0,12000,110592,114688,0.0047925721224836,1,0.478888888888889
217:114688,217,test,1,3,1727.0,12000,114688,118784,0.0053316155639304,3,0.46627777777777774
229:0,229,test,3,3,1729.0,12000,0,4096,0.0175453260127619,3,0.828888888888889
229:4096,229,test,3,3,1729.0,12000,4096,8192,0.0149707221981353,3,0.6609444444444446
229:8192,229,test,3,3,1729.0,12000,8192,12288,0.0134786528672054,1,0.7471666666666666
229:12288,229,test,3,3,1729.0,12000,12288,16384,0.0140596946860485,1,0.7861111111111112
229:16384,229,test,3,3,1729.0,12000,16384,20480,0.0117022472392265,3,0.6572777777777777
229:20480,229,test,3,3,1729.0,12000,20480,24576,0.010509198092449,1,0.7380555555555556
229:24576,229,test,3,3,1729.0,12000,24576,28672,0.0123599868352178,3,0.8077222222222225
229:28672,229,test,3,3,1729.0,12000,28672,32768,0.0133663754919174,3,0.8227777777777779
229:32768,229,test,3,3,1729.0,12000,32768,36864,0.0111867098455548,1,0.46405555555555567
229:36864,229,test,3,3,1729.0,12000,36864,40960,0.0119394677350659,3,0.833888888888889
229:40960,229,test,3,3,1729.0,12000,40960,45056,0.0120133276220896,3,0.7672222222222224
229:45056,229,test,3,3,1729.0,12000,45056,49152,0.0136949914308311,3,0.7586111111111112
229:49152,229,test,3,3,1729.0,12000,49152,53248,0.0137047363662565,3,0.7969444444444445
229:53248,229,test,3,3,1729.0,12000,53248,57344,0.0101748003313529,1,0.4553333333333333
229:57344,229,test,3,3,1729.0,12000,57344,61440,0.0123615978060437,1,0.6651111111111111
229:61440,229,test,3,3,1729.0,12000,61440,65536,0.0143028583774158,3,0.7469444444444446
229:65536,229,test,3,3,1729.0,12000,65536,69632,0.0132240209761796,2,0.6894444444444445
229:69632,229,test,3,3,1729.0,12000,69632,73728,0.0092491119713845,1,0.6719444444444443
229:73728,229,test,3,3,1729.0,12000,73728,77824,0.0087510371522943,3,0.8266666666666668
229:77824,229,test,3,3,1729.0,12000,77824,81920,0.0069384251421961,2,0.6983333333333335
229:81920,229,test,3,3,1729.0,12000,81920,86016,0.0066522882396664,1,0.6973333333333334
229:86016,229,test,3,3,1729.0,12000,86016,90112,0.0101499787492495,3,0.7386111111111112
229:90112,229,test,3,3,1729.0,12000,90112,94208,0.0107368163462907,1,0.534
229:94208,229,test,3,3,1729.0,12000,94208,98304,0.0090153808272771,2,0.6325
229:98304,229,test,3,3,1729.0,12000,98304,102400,0.0089357559365749,3,0.7296666666666668
229:102400,229,test,3,3,1729.0,12000,102400,106496,0.0106825366991185,1,0.6047222222222223
229:106496,229,test,3,3,1729.0,12000,106496,110592,0.0128065436509527,3,0.833888888888889
229:110592,229,test,3,3,1729.0,12000,110592,114688,0.0114798121820261,3,0.7541666666666668
229:114688,229,test,3,3,1729.0,12000,114688,118784,0.0121051201804516,3,0.6910000000000001
241:0,241,test,2,3,1719.0,12000,0,4096,0.0154923845185795,2,0.7444444444444444
241:4096,241,test,2,3,1719.0,12000,4096,8192,0.0159781330769721,2,0.7238888888888888
241:8192,241,test,2,3,1719.0,12000,8192,12288,0.0130560134044871,2,0.7422222222222222
241:12288,241,test,2,3,1719.0,12000,12288,16384,0.0122694807788682,2,0.7358333333333333
241:16384,241,test,2,3,1719.0,12000,16384,20480,0.0114571996145854,2,0.7275
241:20480,241,test,2,3,1719.0,12000,20480,24576,0.0122670071231955,2,0.7477777777777778
241:24576,241,test,2,3,1719.0,12000,24576,28672,0.013320828219684,2,0.7527777777777778
241:28672,241,test,2,3,1719.0,12000,28672,32768,0.0153859784042213,2,0.7488888888888888
241:32768,241,test,2,3,1719.0,12000,32768,36864,0.0137181084920831,2,0.7472222222222222
241:36864,241,test,2,3,1719.0,12000,36864,40960,0.0146817545546045,2,0.7261111111111112
241:40960,241,test,2,3,1719.0,12000,40960,45056,0.0181386515717505,2,0.7483333333333333
241:45056,241,test,2,3,1719.0,12000,45056,49152,0.01534739683969,2,0.7388888888888888
241:49152,241,test,2,3,1719.0,12000,49152,53248,0.015179046133658,2,0.7422222222222222
241:53248,241,test,2,3,1719.0,12000,53248,57344,0.0146191066974551,2,0.7433333333333333
241:57344,241,test,2,3,1719.0,12000,57344,61440,0.0140807978236633,2,0.7366666666666666
241:61440,241,test,2,3,1719.0,12000,61440,65536,0.013093886607679,2,0.7499999999999999
241:65536,241,test,2,3,1719.0,12000,65536,69632,0.0130885331341534,2,0.7555555555555555
241:69632,241,test,2,3,1719.0,12000,69632,73728,0.0134949962564616,2,0.7561111111111112
241:73728,241,test,2,3,1719.0,12000,73728,77824,0.0126530398710395,2,0.7494444444444445
241:77824,241,test,2,3,1719.0,12000,77824,81920,0.012248466435453,2,0.7561111111111112
241:81920,241,test,2,3,1719.0,12000,81920,86016,0.0148811053636215,2,0.7561111111111112
241:86016,241,test,2,3,1719.0,12000,86016,90112,0.012652327607228,2,0.7377777777777778
241:90112,241,test,2,3,1719.0,12000,90112,94208,0.0124259444698353,2,0.7494444444444445
241:94208,241,test,2,3,1719.0,12000,94208,98304,0.013987661233031,2,0.7461111111111112
241:98304,241,test,2,3,1719.0,12000,98304,102400,0.0151299528751528,2,0.7272222222222222
241:102400,241,test,2,3,1719.0,12000,102400,106496,0.0164691081964532,2,0.7444444444444445
241:106496,241,test,2,3,1719.0,12000,106496,110592,0.01561090503173,2,0.73
241:110592,241,test,2,3,1719.0,12000,110592,114688,0.0131601518313937,2,0.7527777777777778
241:114688,241,test,2,3,1719.0,12000,114688,118784,0.0138380053661246,2,0.7561111111111112
