model,seed,accuracy,precision_macro,recall_macro,f1_macro
rf,42,0.9275862068965517,0.9499566254608545,0.939655172413793,0.9392792029524265
rf_without_physics,42,0.9655172413793104,0.9731512325116589,0.9712643678160919,0.9712034952998809
cnn,42,0.8068965517241379,0.8984500114390299,0.8390804597701149,0.8432944778052514
rf,43,0.896551724137931,0.9310811734710042,0.9137931034482758,0.9123291394843119
rf_without_physics,43,0.9448275862068966,0.9554755944931164,0.9540229885057471,0.9541543661766237
cnn,43,0.8103448275862069,0.8959219858156029,0.8419540229885057,0.8426886127222265
rf,44,0.9448275862068966,0.9594929087503344,0.9540229885057471,0.9539863920842783
rf_without_physics,44,0.9172413793103448,0.935993208828523,0.9310344827586207,0.9310554029304029
cnn,44,0.803448275862069,0.9010416666666666,0.8362068965517241,0.8403664828322363
