epoch,train_loss,val_loss,train_accuracy,val_accuracy,val_macro_f1
1,1.1988928263192373,1.2802236080169678,0.40481927710843374,0.4862068965517241,0.5232775985715868
2,0.9942736103935529,1.1596157550811768,0.4506024096385542,0.496551724137931,0.48584391896293405
3,0.884116769211768,1.07070791721344,0.5253012048192771,0.43103448275862066,0.4329898446833931
4,0.7831152795124015,0.9902228116989136,0.6265060240963856,0.47586206896551725,0.478518301037385
5,0.6794268658860562,0.8961321711540222,0.7686746987951807,0.6,0.5961768627232856
6,0.6067297141653161,0.8231615424156189,0.8096385542168675,0.6827586206896552,0.6742332252586511
7,0.5297098872218661,0.7648223042488098,0.8433734939759037,0.6827586206896552,0.6743374046909327
8,0.46905200571943434,0.6926900148391724,0.8626506024096385,0.7448275862068966,0.7338704115858438
9,0.4240781062889759,0.6113898158073425,0.8722891566265061,0.7551724137931034,0.7526521868751223
10,0.38555019074037444,0.5280916690826416,0.8722891566265061,0.8482758620689655,0.8611184980885696
11,0.35215034248722427,0.49711889028549194,0.8819277108433735,0.8551724137931035,0.8691476520692106
12,0.3167535265785833,0.4541921615600586,0.8891566265060241,0.8655172413793103,0.88666892044174
13,0.2986290075093051,0.41138747334480286,0.8891566265060241,0.8689655172413793,0.8887462836402951
14,0.2846960741969034,0.3943226635456085,0.8891566265060241,0.8724137931034482,0.8917761736056438
15,0.26934124406862103,0.36840710043907166,0.8867469879518072,0.8793103448275862,0.8972446903817136
16,0.25986176767003893,0.35157644748687744,0.8891566265060241,0.8724137931034482,0.891576997519234
17,0.24773059563975888,0.33279359340667725,0.891566265060241,0.8896551724137931,0.9057892278953923
18,0.24815908337122616,0.3194012939929962,0.8891566265060241,0.8758620689655172,0.8944131243657685
19,0.2406280207497025,0.3157401978969574,0.8867469879518072,0.8758620689655172,0.8944096010709173
20,0.21840436539903552,0.3084758222103119,0.8939759036144578,0.8896551724137931,0.9057892278953923
21,0.21542336905942425,0.3226681351661682,0.8963855421686747,0.8413793103448276,0.8659207341102291
22,0.20901098928130038,0.27898964285850525,0.8891566265060241,0.8896551724137931,0.9057627118644067
23,0.1928805426204213,0.27231061458587646,0.8939759036144578,0.8862068965517241,0.9029247360397493
24,0.18870570251023763,0.25769370794296265,0.8939759036144578,0.8862068965517241,0.9029247360397493
25,0.18051444158697388,0.2430381029844284,0.8963855421686747,0.896551724137931,0.9114427157001415
26,0.17227326955574387,0.2542400062084198,0.927710843373494,0.9172413793103448,0.9280801828121836
27,0.1651448069507394,0.21489131450653076,0.9108433734939759,0.8931034482758621,0.9086018769787427
28,0.1535121675352897,0.1902257651090622,0.9493975903614458,0.9793103448275862,0.9826910342397512
29,0.1360748612090925,0.16465352475643158,0.944578313253012,0.9896551724137931,0.9913445545682388
30,0.11742508477530578,0.15237316489219666,0.9710843373493976,0.9896551724137931,0.9913445545682388
31,0.11299841998375844,0.14464998245239258,0.980722891566265,0.9758620689655172,0.9797590533219276
32,0.08341563401088484,0.12587198615074158,0.9951807228915662,1.0,1.0
33,0.11268409786052999,0.09552537649869919,0.9518072289156626,1.0,1.0
34,0.07652838268539262,0.12285273522138596,0.9927710843373494,0.9758620689655172,0.9798524497965395
35,0.07728558585242538,0.1386381983757019,0.983132530120482,0.9586206896551724,0.965720088558725
36,0.05528345639346812,0.054855965077877045,0.9951807228915662,0.996551724137931,0.9971263418662262
37,0.048870996562276295,0.06212940067052841,0.9951807228915662,1.0,1.0
38,0.03870010157239319,0.04769689962267876,0.9951807228915662,1.0,1.0
39,0.03428640250020732,0.047617729753255844,1.0,1.0,1.0
40,0.03788323328745448,0.059475596994161606,0.9975903614457832,0.996551724137931,0.9971263418662263
41,0.03290733270117273,0.046109721064567566,1.0,1.0,1.0
42,0.03007087454253161,0.0526077002286911,0.9975903614457832,1.0,1.0
43,0.025479399742129556,0.10946058481931686,0.9975903614457832,0.9793103448275862,0.9827380952380953
44,0.04038367084166478,0.03274235874414444,0.9903614457831326,1.0,1.0
45,0.032137803121164245,0.04170222952961922,0.9951807228915662,1.0,1.0
46,0.022422895585550807,0.0526973158121109,1.0,0.996551724137931,0.9971263418662263
47,0.019577031225946947,0.04361419752240181,0.9975903614457832,1.0,1.0
48,0.01830230471837204,0.03485977649688721,1.0,1.0,1.0
49,0.016143288535143324,0.04387565329670906,1.0,0.996551724137931,0.9971263418662263
50,0.020943272587622283,0.06486260890960693,1.0,0.9793103448275862,0.9827380952380953
