sample_id,source_id,split,label,load_hp,rpm,sampling_rate,start,end,raw_mean
97:0,97,train,0,0,1796.0,12000,0,4096,0.011617458337668335
97:4096,97,train,0,0,1796.0,12000,4096,8192,0.011038600992381332
97:8192,97,train,0,0,1796.0,12000,8192,12288,0.0127048876047294
97:12288,97,train,0,0,1796.0,12000,12288,16384,0.012878665712531035
97:16384,97,train,0,0,1796.0,12000,16384,20480,0.012014375028716311
97:20480,97,train,0,0,1796.0,12000,20480,24576,0.013100796768950249
97:24576,97,train,0,0,1796.0,12000,24576,28672,0.012674766076697305
97:28672,97,train,0,0,1796.0,12000,28672,32768,0.013164938853256591
97:32768,97,train,0,0,1796.0,12000,32768,36864,0.013738620495544187
97:36864,97,train,0,0,1796.0,12000,36864,40960,0.01273715247734098
97:40960,97,train,0,0,1796.0,12000,40960,45056,0.012143719965128268
97:45056,97,train,0,0,1796.0,12000,45056,49152,0.010334970277676676
97:49152,97,train,0,0,1796.0,12000,49152,53248,0.014050167266741773
97:53248,97,train,0,0,1796.0,12000,53248,57344,0.01372276543051898
98:0,98,train,0,1,1772.0,12000,0,4096,0.010842367981168655
98:4096,98,train,0,1,1772.0,12000,4096,8192,0.009999875743743393
98:8192,98,train,0,1,1772.0,12000,8192,12288,0.010974338645319217
98:12288,98,train,0,1,1772.0,12000,12288,16384,0.011185420344976521
98:16384,98,train,0,1,1772.0,12000,16384,20480,0.009818981956718618
98:20480,98,train,0,1,1772.0,12000,20480,24576,0.009978134475280488
98:24576,98,train,0,1,1772.0,12000,24576,28672,0.012207002675081383
98:28672,98,train,0,1,1772.0,12000,28672,32768,0.01156825599009759
98:32768,98,train,0,1,1772.0,12000,32768,36864,0.011552582741905099
98:36864,98,train,0,1,1772.0,12000,36864,40960,0.010644872198116353
98:40960,98,train,0,1,1772.0,12000,40960,45056,0.012891971282024666
98:45056,98,train,0,1,1772.0,12000,45056,49152,0.01397956521012407
98:49152,98,train,0,1,1772.0,12000,49152,53248,0.016120660554124006
98:53248,98,train,0,1,1772.0,12000,53248,57344,0.015987104371243697
98:57344,98,train,0,1,1772.0,12000,57344,61440,0.016883993212572293
98:61440,98,train,0,1,1772.0,12000,61440,65536,0.011493498858399731
98:65536,98,train,0,1,1772.0,12000,65536,69632,0.00823794106176265
98:69632,98,train,0,1,1772.0,12000,69632,73728,0.010591446165391346
98:73728,98,train,0,1,1772.0,12000,73728,77824,0.011323709329489522
98:77824,98,train,0,1,1772.0,12000,77824,81920,0.0113310703563121
98:81920,98,train,0,1,1772.0,12000,81920,86016,0.013719148694677847
98:86016,98,train,0,1,1772.0,12000,86016,90112,0.014980318871053996
98:90112,98,train,0,1,1772.0,12000,90112,94208,0.014407971007248718
98:94208,98,train,0,1,1772.0,12000,94208,98304,0.01519360768546561
98:98304,98,train,0,1,1772.0,12000,98304,102400,0.015150141231120458
98:102400,98,train,0,1,1772.0,12000,102400,106496,0.015291695579295645
98:106496,98,train,0,1,1772.0,12000,106496,110592,0.012511133011760905
98:110592,98,train,0,1,1772.0,12000,110592,114688,0.01114355748431065
98:114688,98,train,0,1,1772.0,12000,114688,118784,0.012398808833560673
99:0,99,val,0,2,1750.0,12000,0,4096,0.013776891950787525
99:4096,99,val,0,2,1750.0,12000,4096,8192,0.013033486718274048
99:8192,99,val,0,2,1750.0,12000,8192,12288,0.014326045625241451
99:12288,99,val,0,2,1750.0,12000,12288,16384,0.011131961542661939
99:16384,99,val,0,2,1750.0,12000,16384,20480,0.01055455703352813
99:20480,99,val,0,2,1750.0,12000,20480,24576,0.010496386586013203
99:24576,99,val,0,2,1750.0,12000,24576,28672,0.009423505425001215
99:28672,99,val,0,2,1750.0,12000,28672,32768,0.01097038691067375
99:32768,99,val,0,2,1750.0,12000,32768,36864,0.010449749887777532
99:36864,99,val,0,2,1750.0,12000,36864,40960,0.01056990548493059
99:40960,99,val,0,2,1750.0,12000,40960,45056,0.012432132560883526
99:45056,99,val,0,2,1750.0,12000,45056,49152,0.013712709219380906
99:49152,99,val,0,2,1750.0,12000,49152,53248,0.012037436191408435
99:53248,99,val,0,2,1750.0,12000,53248,57344,0.010589664910904382
99:57344,99,val,0,2,1750.0,12000,57344,61440,0.012063143880939663
99:61440,99,val,0,2,1750.0,12000,61440,65536,0.01194217908596593
99:65536,99,val,0,2,1750.0,12000,65536,69632,0.013435902399821155
99:69632,99,val,0,2,1750.0,12000,69632,73728,0.013277161985984266
99:73728,99,val,0,2,1750.0,12000,73728,77824,0.011268762196384789
99:77824,99,val,0,2,1750.0,12000,77824,81920,0.01387172155367147
99:81920,99,val,0,2,1750.0,12000,81920,86016,0.013420318370180297
99:86016,99,val,0,2,1750.0,12000,86016,90112,0.0142086414603325
99:90112,99,val,0,2,1750.0,12000,90112,94208,0.013105408219524977
99:94208,99,val,0,2,1750.0,12000,94208,98304,0.013552989358319698
99:98304,99,val,0,2,1750.0,12000,98304,102400,0.013484158178428227
99:102400,99,val,0,2,1750.0,12000,102400,106496,0.013158177467925702
99:106496,99,val,0,2,1750.0,12000,106496,110592,0.01345438369985039
99:110592,99,val,0,2,1750.0,12000,110592,114688,0.011598592410803011
99:114688,99,val,0,2,1750.0,12000,114688,118784,0.01091996422535192
100:0,100,test,0,3,1725.0,12000,0,4096,0.012784163196399467
100:4096,100,test,0,3,1725.0,12000,4096,8192,0.014338919990117441
100:8192,100,test,0,3,1725.0,12000,8192,12288,0.01584330446965325
100:12288,100,test,0,3,1725.0,12000,12288,16384,0.01296778669178914
100:16384,100,test,0,3,1725.0,12000,16384,20480,0.014114593441475212
100:20480,100,test,0,3,1725.0,12000,20480,24576,0.013106030573162897
100:24576,100,test,0,3,1725.0,12000,24576,28672,0.010343314925321978
100:28672,100,test,0,3,1725.0,12000,28672,32768,0.00894718742483805
100:32768,100,test,0,3,1725.0,12000,32768,36864,0.007882044357163161
100:36864,100,test,0,3,1725.0,12000,36864,40960,0.012409692018314007
100:40960,100,test,0,3,1725.0,12000,40960,45056,0.013075176820586896
100:45056,100,test,0,3,1725.0,12000,45056,49152,0.011674084757255319
100:49152,100,test,0,3,1725.0,12000,49152,53248,0.013015760620599781
100:53248,100,test,0,3,1725.0,12000,53248,57344,0.014027986793856305
100:57344,100,test,0,3,1725.0,12000,57344,61440,0.011620352480377998
100:61440,100,test,0,3,1725.0,12000,61440,65536,0.01217620026096956
100:65536,100,test,0,3,1725.0,12000,65536,69632,0.012722637283986031
100:69632,100,test,0,3,1725.0,12000,69632,73728,0.011423269556561186
100:73728,100,test,0,3,1725.0,12000,73728,77824,0.01038739457765147
100:77824,100,test,0,3,1725.0,12000,77824,81920,0.011067202631906343
100:81920,100,test,0,3,1725.0,12000,81920,86016,0.012136597441681734
100:86016,100,test,0,3,1725.0,12000,86016,90112,0.013130742399392877
100:90112,100,test,0,3,1725.0,12000,90112,94208,0.011261986952982637
100:94208,100,test,0,3,1725.0,12000,94208,98304,0.011976338341929653
100:98304,100,test,0,3,1725.0,12000,98304,102400,0.012493302768178161
100:102400,100,test,0,3,1725.0,12000,102400,106496,0.014648269704829086
100:106496,100,test,0,3,1725.0,12000,106496,110592,0.014301095349305293
100:110592,100,test,0,3,1725.0,12000,110592,114688,0.01271867468274181
100:114688,100,test,0,3,1725.0,12000,114688,118784,0.013253610463538769
109:0,109,train,1,0,1796.0,12000,0,4096,0.08712174289058519
109:4096,109,train,1,0,1796.0,12000,4096,8192,0.08590526370536576
109:8192,109,train,1,0,1796.0,12000,8192,12288,0.07966562868860215
109:12288,109,train,1,0,1796.0,12000,12288,16384,0.07564349385300617
109:16384,109,train,1,0,1796.0,12000,16384,20480,0.07596136323264205
109:20480,109,train,1,0,1796.0,12000,20480,24576,0.07766533820788293
109:24576,109,train,1,0,1796.0,12000,24576,28672,0.07839530299480377
109:28672,109,train,1,0,1796.0,12000,28672,32768,0.07996884537031984
109:32768,109,train,1,0,1796.0,12000,32768,36864,0.07909959534666151
109:36864,109,train,1,0,1796.0,12000,36864,40960,0.07426649588236475
109:40960,109,train,1,0,1796.0,12000,40960,45056,0.0725240063168566
109:45056,109,train,1,0,1796.0,12000,45056,49152,0.07217592099626265
109:49152,109,train,1,0,1796.0,12000,49152,53248,0.07034416505213492
109:53248,109,train,1,0,1796.0,12000,53248,57344,0.06895970907445731
122:0,122,train,3,0,1796.0,12000,0,4096,0.03306036072902622
122:4096,122,train,3,0,1796.0,12000,4096,8192,0.032917525261872
122:8192,122,train,3,0,1796.0,12000,8192,12288,0.032298155157791136
122:12288,122,train,3,0,1796.0,12000,12288,16384,0.03203496846916923
122:16384,122,train,3,0,1796.0,12000,16384,20480,0.03244118569307818
122:20480,122,train,3,0,1796.0,12000,20480,24576,0.03298498500388619
122:24576,122,train,3,0,1796.0,12000,24576,28672,0.03177530290599055
122:28672,122,train,3,0,1796.0,12000,28672,32768,0.0330648007686845
122:32768,122,train,3,0,1796.0,12000,32768,36864,0.03383720044697035
122:36864,122,train,3,0,1796.0,12000,36864,40960,0.03409337264986839
122:40960,122,train,3,0,1796.0,12000,40960,45056,0.0319932772554555
122:45056,122,train,3,0,1796.0,12000,45056,49152,0.029672629629452312
122:49152,122,train,3,0,1796.0,12000,49152,53248,0.03115785402440001
122:53248,122,train,3,0,1796.0,12000,53248,57344,0.03274308032823284
135:0,135,train,2,0,1796.0,12000,0,4096,0.012331844571973019
135:4096,135,train,2,0,1796.0,12000,4096,8192,0.011403573509496038
135:8192,135,train,2,0,1796.0,12000,8192,12288,0.010664975577431377
135:12288,135,train,2,0,1796.0,12000,12288,16384,0.010167308786004331
135:16384,135,train,2,0,1796.0,12000,16384,20480,0.011235066598286396
135:20480,135,train,2,0,1796.0,12000,20480,24576,0.009970213435868843
135:24576,135,train,2,0,1796.0,12000,24576,28672,0.012895910737279874
135:28672,135,train,2,0,1796.0,12000,28672,32768,0.014141210152839229
135:32768,135,train,2,0,1796.0,12000,32768,36864,0.014542931022406759
135:36864,135,train,2,0,1796.0,12000,36864,40960,0.015909231566948512
135:40960,135,train,2,0,1796.0,12000,40960,45056,0.016063070824115153
135:45056,135,train,2,0,1796.0,12000,45056,49152,0.01130760617635804
135:49152,135,train,2,0,1796.0,12000,49152,53248,0.011955501383860935
135:53248,135,train,2,0,1796.0,12000,53248,57344,0.015992343115448754
110:0,110,train,1,1,1772.0,12000,0,4096,0.02141970664956453
110:4096,110,train,1,1,1772.0,12000,4096,8192,0.02286333732122956
110:8192,110,train,1,1,1772.0,12000,8192,12288,0.023024198153275974
110:12288,110,train,1,1,1772.0,12000,12288,16384,0.022717725864529775
110:16384,110,train,1,1,1772.0,12000,16384,20480,0.02255313471341388
110:20480,110,train,1,1,1772.0,12000,20480,24576,0.019268842189149288
110:24576,110,train,1,1,1772.0,12000,24576,28672,0.02124834545904707
110:28672,110,train,1,1,1772.0,12000,28672,32768,0.017983733382046445
110:32768,110,train,1,1,1772.0,12000,32768,36864,0.01848674753109643
110:36864,110,train,1,1,1772.0,12000,36864,40960,0.02065727661604294
110:40960,110,train,1,1,1772.0,12000,40960,45056,0.020920610843603263
110:45056,110,train,1,1,1772.0,12000,45056,49152,0.021865499218162422
110:49152,110,train,1,1,1772.0,12000,49152,53248,0.021755497116006745
110:53248,110,train,1,1,1772.0,12000,53248,57344,0.02031861489392326
110:57344,110,train,1,1,1772.0,12000,57344,61440,0.0189285375320629
110:61440,110,train,1,1,1772.0,12000,61440,65536,0.02019534603320004
110:65536,110,train,1,1,1772.0,12000,65536,69632,0.01826479637803741
110:69632,110,train,1,1,1772.0,12000,69632,73728,0.01959224373271616
110:73728,110,train,1,1,1772.0,12000,73728,77824,0.02135141845479259
110:77824,110,train,1,1,1772.0,12000,77824,81920,0.021033496093696424
110:81920,110,train,1,1,1772.0,12000,81920,86016,0.0225426904802057
110:86016,110,train,1,1,1772.0,12000,86016,90112,0.021762208749268725
110:90112,110,train,1,1,1772.0,12000,90112,94208,0.019123455508124186
110:94208,110,train,1,1,1772.0,12000,94208,98304,0.021010022516954246
110:98304,110,train,1,1,1772.0,12000,98304,102400,0.020456550007770316
110:102400,110,train,1,1,1772.0,12000,102400,106496,0.021376249491443698
110:106496,110,train,1,1,1772.0,12000,106496,110592,0.02148963624619004
110:110592,110,train,1,1,1772.0,12000,110592,114688,0.02002071247983754
110:114688,110,train,1,1,1772.0,12000,114688,118784,0.019703826883474072
123:0,123,train,3,1,1772.0,12000,0,4096,0.020887176998200065
123:4096,123,train,3,1,1772.0,12000,4096,8192,0.01802464179170194
123:8192,123,train,3,1,1772.0,12000,8192,12288,0.01867079806326242
123:12288,123,train,3,1,1772.0,12000,12288,16384,0.019459338979642155
123:16384,123,train,3,1,1772.0,12000,16384,20480,0.01844314426554955
123:20480,123,train,3,1,1772.0,12000,20480,24576,0.01878825610112299
123:24576,123,train,3,1,1772.0,12000,24576,28672,0.019188135308397004
123:28672,123,train,3,1,1772.0,12000,28672,32768,0.0193595813145384
123:32768,123,train,3,1,1772.0,12000,32768,36864,0.017894452712605244
123:36864,123,train,3,1,1772.0,12000,36864,40960,0.016904838257792813
123:40960,123,train,3,1,1772.0,12000,40960,45056,0.018862675271138066
123:45056,123,train,3,1,1772.0,12000,45056,49152,0.017431989724735364
123:49152,123,train,3,1,1772.0,12000,49152,53248,0.014907610152534369
123:53248,123,train,3,1,1772.0,12000,53248,57344,0.01627421919899456
123:57344,123,train,3,1,1772.0,12000,57344,61440,0.017844913115773093
123:61440,123,train,3,1,1772.0,12000,61440,65536,0.01851175468634167
123:65536,123,train,3,1,1772.0,12000,65536,69632,0.018179320469132086
123:69632,123,train,3,1,1772.0,12000,69632,73728,0.018384215387066635
123:73728,123,train,3,1,1772.0,12000,73728,77824,0.02198506674069954
123:77824,123,train,3,1,1772.0,12000,77824,81920,0.019195636549417947
123:81920,123,train,3,1,1772.0,12000,81920,86016,0.018075459110684453
123:86016,123,train,3,1,1772.0,12000,86016,90112,0.019555107626493096
123:90112,123,train,3,1,1772.0,12000,90112,94208,0.018957622465228568
123:94208,123,train,3,1,1772.0,12000,94208,98304,0.020608047381030652
123:98304,123,train,3,1,1772.0,12000,98304,102400,0.022637509763265087
123:102400,123,train,3,1,1772.0,12000,102400,106496,0.02226078488365328
123:106496,123,train,3,1,1772.0,12000,106496,110592,0.023038074630586516
123:110592,123,train,3,1,1772.0,12000,110592,114688,0.020853927024144188
123:114688,123,train,3,1,1772.0,12000,114688,118784,0.018614319860391394
136:0,136,train,2,1,1774.0,12000,0,4096,0.009774861547727887
136:4096,136,train,2,1,1774.0,12000,4096,8192,0.010644127446678035
136:8192,136,train,2,1,1774.0,12000,8192,12288,0.011603518651197606
136:12288,136,train,2,1,1774.0,12000,12288,16384,0.01662010315402181
136:16384,136,train,2,1,1774.0,12000,16384,20480,0.015340223987225166
136:20480,136,train,2,1,1774.0,12000,20480,24576,0.015570782616851261
136:24576,136,train,2,1,1774.0,12000,24576,28672,0.015328608292496616
136:28672,136,train,2,1,1774.0,12000,28672,32768,0.01320836271335618
136:32768,136,train,2,1,1774.0,12000,32768,36864,0.012351939449352044
136:36864,136,train,2,1,1774.0,12000,36864,40960,0.012883272511777344
136:40960,136,train,2,1,1774.0,12000,40960,45056,0.013351120927590238
136:45056,136,train,2,1,1774.0,12000,45056,49152,0.011356343661981464
136:49152,136,train,2,1,1774.0,12000,49152,53248,0.009099319056635299
136:53248,136,train,2,1,1774.0,12000,53248,57344,0.010943088627071561
136:57344,136,train,2,1,1774.0,12000,57344,61440,0.010657919682998923
136:61440,136,train,2,1,1774.0,12000,61440,65536,0.010696817770469862
136:65536,136,train,2,1,1774.0,12000,65536,69632,0.010921916432182075
136:69632,136,train,2,1,1774.0,12000,69632,73728,0.012011079211795376
136:73728,136,train,2,1,1774.0,12000,73728,77824,0.010886233798055934
136:77824,136,train,2,1,1774.0,12000,77824,81920,0.011555600415027954
136:81920,136,train,2,1,1774.0,12000,81920,86016,0.012014629620099615
136:86016,136,train,2,1,1774.0,12000,86016,90112,0.012157069339924534
136:90112,136,train,2,1,1774.0,12000,90112,94208,0.011949068676069183
136:94208,136,train,2,1,1774.0,12000,94208,98304,0.010071710906510259
136:98304,136,train,2,1,1774.0,12000,98304,102400,0.01084442028388608
136:102400,136,train,2,1,1774.0,12000,102400,106496,0.011407166496055832
136:106496,136,train,2,1,1774.0,12000,106496,110592,0.012348121489525965
136:110592,136,train,2,1,1774.0,12000,110592,114688,0.012714185157748824
136:114688,136,train,2,1,1774.0,12000,114688,118784,0.01427907722161528
111:0,111,val,1,2,1748.0,12000,0,4096,0.016497701378641885
111:4096,111,val,1,2,1748.0,12000,4096,8192,0.01853955087532162
111:8192,111,val,1,2,1748.0,12000,8192,12288,0.018709964216519215
111:12288,111,val,1,2,1748.0,12000,12288,16384,0.016836037767730544
111:16384,111,val,1,2,1748.0,12000,16384,20480,0.016947377687961
111:20480,111,val,1,2,1748.0,12000,20480,24576,0.019205672954789164
111:24576,111,val,1,2,1748.0,12000,24576,28672,0.017996979948337277
111:28672,111,val,1,2,1748.0,12000,28672,32768,0.017351224996424195
111:32768,111,val,1,2,1748.0,12000,32768,36864,0.016464003709736566
111:36864,111,val,1,2,1748.0,12000,36864,40960,0.017695504691481664
111:40960,111,val,1,2,1748.0,12000,40960,45056,0.018657960856186713
111:45056,111,val,1,2,1748.0,12000,45056,49152,0.018750370025785057
111:49152,111,val,1,2,1748.0,12000,49152,53248,0.018258096243286524
111:53248,111,val,1,2,1748.0,12000,53248,57344,0.016303307022122418
111:57344,111,val,1,2,1748.0,12000,57344,61440,0.015703960765624126
111:61440,111,val,1,2,1748.0,12000,61440,65536,0.013505465031670336
111:65536,111,val,1,2,1748.0,12000,65536,69632,0.016176516501738986
111:69632,111,val,1,2,1748.0,12000,69632,73728,0.015656819775799524
111:73728,111,val,1,2,1748.0,12000,73728,77824,0.015795417940751844
111:77824,111,val,1,2,1748.0,12000,77824,81920,0.01561387859163487
111:81920,111,val,1,2,1748.0,12000,81920,86016,0.01661326214296302
111:86016,111,val,1,2,1748.0,12000,86016,90112,0.01870167803297715
111:90112,111,val,1,2,1748.0,12000,90112,94208,0.018806091383359886
111:94208,111,val,1,2,1748.0,12000,94208,98304,0.017227363327500154
111:98304,111,val,1,2,1748.0,12000,98304,102400,0.015802924516766015
111:102400,111,val,1,2,1748.0,12000,102400,106496,0.01584521228514599
111:106496,111,val,1,2,1748.0,12000,106496,110592,0.016800188016706876
111:110592,111,val,1,2,1748.0,12000,110592,114688,0.019256897305206744
111:114688,111,val,1,2,1748.0,12000,114688,118784,0.01679161544426056
124:0,124,val,3,2,1747.0,12000,0,4096,0.01601317085083773
124:4096,124,val,3,2,1747.0,12000,4096,8192,0.0173352015766648
124:8192,124,val,3,2,1747.0,12000,8192,12288,0.016690035183526738
124:12288,124,val,3,2,1747.0,12000,12288,16384,0.014946484082392991
124:16384,124,val,3,2,1747.0,12000,16384,20480,0.016548525066142718
124:20480,124,val,3,2,1747.0,12000,20480,24576,0.016337879429650256
124:24576,124,val,3,2,1747.0,12000,24576,28672,0.01649558771179064
124:28672,124,val,3,2,1747.0,12000,28672,32768,0.01705712478490371
124:32768,124,val,3,2,1747.0,12000,32768,36864,0.017885019748194356
124:36864,124,val,3,2,1747.0,12000,36864,40960,0.018384512502052273
124:40960,124,val,3,2,1747.0,12000,40960,45056,0.0170435361767019
124:45056,124,val,3,2,1747.0,12000,45056,49152,0.01690022402044642
124:49152,124,val,3,2,1747.0,12000,49152,53248,0.013938868266659634
124:53248,124,val,3,2,1747.0,12000,53248,57344,0.011435507278074103
124:57344,124,val,3,2,1747.0,12000,57344,61440,0.013066800849055298
124:61440,124,val,3,2,1747.0,12000,61440,65536,0.016901808548715334
124:65536,124,val,3,2,1747.0,12000,65536,69632,0.0158439834488105
124:69632,124,val,3,2,1747.0,12000,69632,73728,0.016652207099285152
124:73728,124,val,3,2,1747.0,12000,73728,77824,0.017421861864077418
124:77824,124,val,3,2,1747.0,12000,77824,81920,0.016866113537762538
124:81920,124,val,3,2,1747.0,12000,81920,86016,0.014190125608755932
124:86016,124,val,3,2,1747.0,12000,86016,90112,0.014252816786393264
124:90112,124,val,3,2,1747.0,12000,90112,94208,0.01504519900063871
124:94208,124,val,3,2,1747.0,12000,94208,98304,0.016881840647979592
124:98304,124,val,3,2,1747.0,12000,98304,102400,0.016093749260351432
124:102400,124,val,3,2,1747.0,12000,102400,106496,0.01641298587134251
124:106496,124,val,3,2,1747.0,12000,106496,110592,0.01704196933109348
124:110592,124,val,3,2,1747.0,12000,110592,114688,0.018121259513849963
124:114688,124,val,3,2,1747.0,12000,114688,118784,0.016840077027850404
137:0,137,val,2,2,1750.0,12000,0,4096,0.012759033414744244
137:4096,137,val,2,2,1750.0,12000,4096,8192,0.011568957172670594
137:8192,137,val,2,2,1750.0,12000,8192,12288,0.013740335001688905
137:12288,137,val,2,2,1750.0,12000,12288,16384,0.014592851486131892
137:16384,137,val,2,2,1750.0,12000,16384,20480,0.011378359959284514
137:20480,137,val,2,2,1750.0,12000,20480,24576,0.01145799606621938
137:24576,137,val,2,2,1750.0,12000,24576,28672,0.015395349079345848
137:28672,137,val,2,2,1750.0,12000,28672,32768,0.014794254596196047
137:32768,137,val,2,2,1750.0,12000,32768,36864,0.013152286133868067
137:36864,137,val,2,2,1750.0,12000,36864,40960,0.009230866521343025
137:40960,137,val,2,2,1750.0,12000,40960,45056,0.010898849492769406
137:45056,137,val,2,2,1750.0,12000,45056,49152,0.012702821591235931
137:49152,137,val,2,2,1750.0,12000,49152,53248,0.01140552597345081
137:53248,137,val,2,2,1750.0,12000,53248,57344,0.012132958209408417
137:57344,137,val,2,2,1750.0,12000,57344,61440,0.01481863702848607
137:61440,137,val,2,2,1750.0,12000,61440,65536,0.012368046747317637
137:65536,137,val,2,2,1750.0,12000,65536,69632,0.011925635383332174
137:69632,137,val,2,2,1750.0,12000,69632,73728,0.010671589444035581
137:73728,137,val,2,2,1750.0,12000,73728,77824,0.010235349600344144
137:77824,137,val,2,2,1750.0,12000,77824,81920,0.009157279077282117
137:81920,137,val,2,2,1750.0,12000,81920,86016,0.012548413844897001
137:86016,137,val,2,2,1750.0,12000,86016,90112,0.012685075361706814
137:90112,137,val,2,2,1750.0,12000,90112,94208,0.012441481117559786
137:94208,137,val,2,2,1750.0,12000,94208,98304,0.013058411305952946
137:98304,137,val,2,2,1750.0,12000,98304,102400,0.0131951695172053
137:102400,137,val,2,2,1750.0,12000,102400,106496,0.0146983901837849
137:106496,137,val,2,2,1750.0,12000,106496,110592,0.012100930071659327
137:110592,137,val,2,2,1750.0,12000,110592,114688,0.011685138459729391
137:114688,137,val,2,2,1750.0,12000,114688,118784,0.009923957837878266
112:0,112,test,1,3,1721.0,12000,0,4096,0.01401208645797359
112:4096,112,test,1,3,1721.0,12000,4096,8192,0.012233325225754732
112:8192,112,test,1,3,1721.0,12000,8192,12288,0.013783063559310239
112:12288,112,test,1,3,1721.0,12000,12288,16384,0.01516422023418943
112:16384,112,test,1,3,1721.0,12000,16384,20480,0.01662968838503815
112:20480,112,test,1,3,1721.0,12000,20480,24576,0.014471488041114167
112:24576,112,test,1,3,1721.0,12000,24576,28672,0.015878122445733868
112:28672,112,test,1,3,1721.0,12000,28672,32768,0.0163149707833731
112:32768,112,test,1,3,1721.0,12000,32768,36864,0.013557534284977139
112:36864,112,test,1,3,1721.0,12000,36864,40960,0.014032706353773006
112:40960,112,test,1,3,1721.0,12000,40960,45056,0.013936876449419391
112:45056,112,test,1,3,1721.0,12000,45056,49152,0.015631164943862873
112:49152,112,test,1,3,1721.0,12000,49152,53248,0.017787018923026227
112:53248,112,test,1,3,1721.0,12000,53248,57344,0.014774390232385456
112:57344,112,test,1,3,1721.0,12000,57344,61440,0.013641314838377598
112:61440,112,test,1,3,1721.0,12000,61440,65536,0.01502964390450785
112:65536,112,test,1,3,1721.0,12000,65536,69632,0.01607958409458274
112:69632,112,test,1,3,1721.0,12000,69632,73728,0.016706155646836175
112:73728,112,test,1,3,1721.0,12000,73728,77824,0.013863811295225311
112:77824,112,test,1,3,1721.0,12000,77824,81920,0.015530506158588411
112:81920,112,test,1,3,1721.0,12000,81920,86016,0.017348830983447413
112:86016,112,test,1,3,1721.0,12000,86016,90112,0.018061567735419864
112:90112,112,test,1,3,1721.0,12000,90112,94208,0.016741631736094588
112:94208,112,test,1,3,1721.0,12000,94208,98304,0.012450161493020351
112:98304,112,test,1,3,1721.0,12000,98304,102400,0.012253328080617971
112:102400,112,test,1,3,1721.0,12000,102400,106496,0.011486760936552223
112:106496,112,test,1,3,1721.0,12000,106496,110592,0.014815136191920427
112:110592,112,test,1,3,1721.0,12000,110592,114688,0.014754932132537892
112:114688,112,test,1,3,1721.0,12000,114688,118784,0.01603492822063616
125:0,125,test,3,3,1721.0,12000,0,4096,0.01345907555244933
125:4096,125,test,3,3,1721.0,12000,4096,8192,0.01491621805774113
125:8192,125,test,3,3,1721.0,12000,8192,12288,0.013699226075933778
125:12288,125,test,3,3,1721.0,12000,12288,16384,0.01598982846523883
125:16384,125,test,3,3,1721.0,12000,16384,20480,0.014475672597785715
125:20480,125,test,3,3,1721.0,12000,20480,24576,0.012131014812726146
125:24576,125,test,3,3,1721.0,12000,24576,28672,0.014431721995889057
125:28672,125,test,3,3,1721.0,12000,28672,32768,0.0162748566076515
125:32768,125,test,3,3,1721.0,12000,32768,36864,0.016103092724499345
125:36864,125,test,3,3,1721.0,12000,36864,40960,0.015536993635377163
125:40960,125,test,3,3,1721.0,12000,40960,45056,0.016040962395690306
125:45056,125,test,3,3,1721.0,12000,45056,49152,0.01446017139720408
125:49152,125,test,3,3,1721.0,12000,49152,53248,0.014732663347880873
125:53248,125,test,3,3,1721.0,12000,53248,57344,0.01584597691978613
125:57344,125,test,3,3,1721.0,12000,57344,61440,0.017080300517238457
125:61440,125,test,3,3,1721.0,12000,61440,65536,0.016152977422841608
125:65536,125,test,3,3,1721.0,12000,65536,69632,0.016505708124053914
125:69632,125,test,3,3,1721.0,12000,69632,73728,0.017056892708263566
125:73728,125,test,3,3,1721.0,12000,73728,77824,0.01617116664586104
125:77824,125,test,3,3,1721.0,12000,77824,81920,0.015446517893280382
125:81920,125,test,3,3,1721.0,12000,81920,86016,0.013917334596014384
125:86016,125,test,3,3,1721.0,12000,86016,90112,0.013544462622160452
125:90112,125,test,3,3,1721.0,12000,90112,94208,0.014917170038707631
125:94208,125,test,3,3,1721.0,12000,94208,98304,0.011954641266718776
125:98304,125,test,3,3,1721.0,12000,98304,102400,0.01025929852158885
125:102400,125,test,3,3,1721.0,12000,102400,106496,0.012104657403772576
125:106496,125,test,3,3,1721.0,12000,106496,110592,0.01146752460657715
125:110592,125,test,3,3,1721.0,12000,110592,114688,0.015113012983866598
125:114688,125,test,3,3,1721.0,12000,114688,118784,0.015437526706323382
138:0,138,test,2,3,1725.0,12000,0,4096,0.012664784054212752
138:4096,138,test,2,3,1725.0,12000,4096,8192,0.012566654766462676
138:8192,138,test,2,3,1725.0,12000,8192,12288,0.012239138831806388
138:12288,138,test,2,3,1725.0,12000,12288,16384,0.011891032491190452
138:16384,138,test,2,3,1725.0,12000,16384,20480,0.01159820152975684
138:20480,138,test,2,3,1725.0,12000,20480,24576,0.012911349861773707
138:24576,138,test,2,3,1725.0,12000,24576,28672,0.012006193201765509
138:28672,138,test,2,3,1725.0,12000,28672,32768,0.00914042244825429
138:32768,138,test,2,3,1725.0,12000,32768,36864,0.01385945634255388
138:36864,138,test,2,3,1725.0,12000,36864,40960,0.011884782296651214
138:40960,138,test,2,3,1725.0,12000,40960,45056,0.010854522005229142
138:45056,138,test,2,3,1725.0,12000,45056,49152,0.010333039570857048
138:49152,138,test,2,3,1725.0,12000,49152,53248,0.009929427417946723
138:53248,138,test,2,3,1725.0,12000,53248,57344,0.013066470527182595
138:57344,138,test,2,3,1725.0,12000,57344,61440,0.011641932928074184
138:61440,138,test,2,3,1725.0,12000,61440,65536,0.011761331039369015
138:65536,138,test,2,3,1725.0,12000,65536,69632,0.013306548741076759
138:69632,138,test,2,3,1725.0,12000,69632,73728,0.013847911986947152
138:73728,138,test,2,3,1725.0,12000,73728,77824,0.0109927334035347
138:77824,138,test,2,3,1725.0,12000,77824,81920,0.011670685867082906
138:81920,138,test,2,3,1725.0,12000,81920,86016,0.011105253754882138
138:86016,138,test,2,3,1725.0,12000,86016,90112,0.008740022979144902
138:90112,138,test,2,3,1725.0,12000,90112,94208,0.00947661435342506
138:94208,138,test,2,3,1725.0,12000,94208,98304,0.010111617120482762
138:98304,138,test,2,3,1725.0,12000,98304,102400,0.01233357314945431
138:102400,138,test,2,3,1725.0,12000,102400,106496,0.012172342328764765
138:106496,138,test,2,3,1725.0,12000,106496,110592,0.0121922098397018
138:110592,138,test,2,3,1725.0,12000,110592,114688,0.013187004096342613
138:114688,138,test,2,3,1725.0,12000,114688,118784,0.010969064102014356
174:0,174,train,1,0,1796.0,12000,0,4096,0.03955541329553744
174:4096,174,train,1,0,1796.0,12000,4096,8192,0.03765928569818518
174:8192,174,train,1,0,1796.0,12000,8192,12288,0.03653841608540922
189:0,189,train,3,0,1797.0,12000,0,4096,0.03485916566622934
189:4096,189,train,3,0,1797.0,12000,4096,8192,0.03478178753914277
189:8192,189,train,3,0,1797.0,12000,8192,12288,0.033559913824606526
189:12288,189,train,3,0,1797.0,12000,12288,16384,0.032238929505056906
189:16384,189,train,3,0,1797.0,12000,16384,20480,0.032632122288611856
189:20480,189,train,3,0,1797.0,12000,20480,24576,0.03239759523158158
189:24576,189,train,3,0,1797.0,12000,24576,28672,0.029053330037964804
189:28672,189,train,3,0,1797.0,12000,28672,32768,0.02778841625448296
189:32768,189,train,3,0,1797.0,12000,32768,36864,0.026734558927606997
189:36864,189,train,3,0,1797.0,12000,36864,40960,0.026606477354576545
189:40960,189,train,3,0,1797.0,12000,40960,45056,0.02807656695522439
189:45056,189,train,3,0,1797.0,12000,45056,49152,0.027405668684011585
189:49152,189,train,3,0,1797.0,12000,49152,53248,0.028092422766133635
189:53248,189,train,3,0,1797.0,12000,53248,57344,0.02938320273155643
189:57344,189,train,3,0,1797.0,12000,57344,61440,0.029066354638829714
201:0,201,train,2,0,1796.0,12000,0,4096,0.49169672405251197
201:4096,201,train,2,0,1796.0,12000,4096,8192,0.4752197843076187
201:8192,201,train,2,0,1796.0,12000,8192,12288,0.4596157110770086
201:12288,201,train,2,0,1796.0,12000,12288,16384,0.44633303567539206
201:16384,201,train,2,0,1796.0,12000,16384,20480,0.43148370806048697
201:20480,201,train,2,0,1796.0,12000,20480,24576,0.42069764705532303
201:24576,201,train,2,0,1796.0,12000,24576,28672,0.4038740223681801
201:28672,201,train,2,0,1796.0,12000,28672,32768,0.39088025339616056
201:32768,201,train,2,0,1796.0,12000,32768,36864,0.3822316590853174
201:36864,201,train,2,0,1796.0,12000,36864,40960,0.36980034217184465
201:40960,201,train,2,0,1796.0,12000,40960,45056,0.3555403861421452
201:45056,201,train,2,0,1796.0,12000,45056,49152,0.34388851385987135
201:49152,201,train,2,0,1796.0,12000,49152,53248,0.33286382601603115
201:53248,201,train,2,0,1796.0,12000,53248,57344,0.32069092667801996
175:0,175,train,1,1,1772.0,12000,0,4096,0.02044183177744059
175:4096,175,train,1,1,1772.0,12000,4096,8192,0.021786038199122667
175:8192,175,train,1,1,1772.0,12000,8192,12288,0.0216425245869533
175:12288,175,train,1,1,1772.0,12000,12288,16384,0.020027850759459866
175:16384,175,train,1,1,1772.0,12000,16384,20480,0.021063412658686477
175:20480,175,train,1,1,1772.0,12000,20480,24576,0.017923490552098013
175:24576,175,train,1,1,1772.0,12000,24576,28672,0.017648599202807144
175:28672,175,train,1,1,1772.0,12000,28672,32768,0.01986790627187427
175:32768,175,train,1,1,1772.0,12000,32768,36864,0.02129877546839154
175:36864,175,train,1,1,1772.0,12000,36864,40960,0.021040049705466597
175:40960,175,train,1,1,1772.0,12000,40960,45056,0.02017310419357386
175:45056,175,train,1,1,1772.0,12000,45056,49152,0.019952571772191383
175:49152,175,train,1,1,1772.0,12000,49152,53248,0.019903417002975675
175:53248,175,train,1,1,1772.0,12000,53248,57344,0.01967664496612871
175:57344,175,train,1,1,1772.0,12000,57344,61440,0.016533210311119192
175:61440,175,train,1,1,1772.0,12000,61440,65536,0.018429945410185146
175:65536,175,train,1,1,1772.0,12000,65536,69632,0.016575040905766135
175:69632,175,train,1,1,1772.0,12000,69632,73728,0.015984391490914743
175:73728,175,train,1,1,1772.0,12000,73728,77824,0.015151962123491227
175:77824,175,train,1,1,1772.0,12000,77824,81920,0.01479135427624615
175:81920,175,train,1,1,1772.0,12000,81920,86016,0.01655209229003071
175:86016,175,train,1,1,1772.0,12000,86016,90112,0.017425382553577225
175:90112,175,train,1,1,1772.0,12000,90112,94208,0.015941346715596397
190:0,190,train,3,1,1772.0,12000,0,4096,0.012177990593935664
190:4096,190,train,3,1,1772.0,12000,4096,8192,0.01135311012060552
190:8192,190,train,3,1,1772.0,12000,8192,12288,0.010592188386005378
190:12288,190,train,3,1,1772.0,12000,12288,16384,0.009311872629253742
190:16384,190,train,3,1,1772.0,12000,16384,20480,0.010136091492510782
190:20480,190,train,3,1,1772.0,12000,20480,24576,0.01131184067954125
190:24576,190,train,3,1,1772.0,12000,24576,28672,0.011290130785032038
190:28672,190,train,3,1,1772.0,12000,28672,32768,0.008455986437217743
190:32768,190,train,3,1,1772.0,12000,32768,36864,0.01042450727559992
190:36864,190,train,3,1,1772.0,12000,36864,40960,0.012808845613637794
190:40960,190,train,3,1,1772.0,12000,40960,45056,0.011764899857582271
190:45056,190,train,3,1,1772.0,12000,45056,49152,0.012857314431255904
190:49152,190,train,3,1,1772.0,12000,49152,53248,0.011773586383911098
190:53248,190,train,3,1,1772.0,12000,53248,57344,0.01252576860338006
190:57344,190,train,3,1,1772.0,12000,57344,61440,0.012424608069003267
190:61440,190,train,3,1,1772.0,12000,61440,65536,0.011017904083961902
190:65536,190,train,3,1,1772.0,12000,65536,69632,0.012796587840009756
190:69632,190,train,3,1,1772.0,12000,69632,73728,0.011055040552311336
190:73728,190,train,3,1,1772.0,12000,73728,77824,0.009107504590681235
190:77824,190,train,3,1,1772.0,12000,77824,81920,0.010657521033723315
190:81920,190,train,3,1,1772.0,12000,81920,86016,0.013967798776782236
190:86016,190,train,3,1,1772.0,12000,86016,90112,0.014181777362580035
190:90112,190,train,3,1,1772.0,12000,90112,94208,0.014452029253935815
190:94208,190,train,3,1,1772.0,12000,94208,98304,0.01157053089234199
190:98304,190,train,3,1,1772.0,12000,98304,102400,0.01166101524840787
190:102400,190,train,3,1,1772.0,12000,102400,106496,0.00969311078337885
190:106496,190,train,3,1,1772.0,12000,106496,110592,0.01114499588112368
190:110592,190,train,3,1,1772.0,12000,110592,114688,0.009334759028178416
190:114688,190,train,3,1,1772.0,12000,114688,118784,0.011137369650843729
202:0,202,train,2,1,1772.0,12000,0,4096,0.012642647487457616
202:4096,202,train,2,1,1772.0,12000,4096,8192,0.01281662042628156
202:8192,202,train,2,1,1772.0,12000,8192,12288,0.012856313636261602
202:12288,202,train,2,1,1772.0,12000,12288,16384,0.010370181524672475
202:16384,202,train,2,1,1772.0,12000,16384,20480,0.008814154696557937
202:20480,202,train,2,1,1772.0,12000,20480,24576,0.012839752004552146
202:24576,202,train,2,1,1772.0,12000,24576,28672,0.013763329184916542
202:28672,202,train,2,1,1772.0,12000,28672,32768,0.01481371961633057
202:32768,202,train,2,1,1772.0,12000,32768,36864,0.011709440632987357
202:36864,202,train,2,1,1772.0,12000,36864,40960,0.010088903968589864
202:40960,202,train,2,1,1772.0,12000,40960,45056,0.012979948987458675
202:45056,202,train,2,1,1772.0,12000,45056,49152,0.012306758036545833
202:49152,202,train,2,1,1772.0,12000,49152,53248,0.01290787920567564
202:53248,202,train,2,1,1772.0,12000,53248,57344,0.013355831700623794
202:57344,202,train,2,1,1772.0,12000,57344,61440,0.013520990082629969
202:61440,202,train,2,1,1772.0,12000,61440,65536,0.013313159348021865
202:65536,202,train,2,1,1772.0,12000,65536,69632,0.014596111624149777
202:69632,202,train,2,1,1772.0,12000,69632,73728,0.014747972897520521
202:73728,202,train,2,1,1772.0,12000,73728,77824,0.014868315209401298
202:77824,202,train,2,1,1772.0,12000,77824,81920,0.013004314748700584
202:81920,202,train,2,1,1772.0,12000,81920,86016,0.008701272948421712
202:86016,202,train,2,1,1772.0,12000,86016,90112,0.008541340432593286
202:90112,202,train,2,1,1772.0,12000,90112,94208,0.009416891351285313
202:94208,202,train,2,1,1772.0,12000,94208,98304,0.010217329591366987
202:98304,202,train,2,1,1772.0,12000,98304,102400,0.009470502942362043
202:102400,202,train,2,1,1772.0,12000,102400,106496,0.00999133649618721
202:106496,202,train,2,1,1772.0,12000,106496,110592,0.012664636669313837
202:110592,202,train,2,1,1772.0,12000,110592,114688,0.014503273141724428
202:114688,202,train,2,1,1772.0,12000,114688,118784,0.01235426256111338
176:0,176,val,1,2,1751.0,12000,0,4096,0.016632283482762127
176:4096,176,val,1,2,1751.0,12000,4096,8192,0.016045917557214507
176:8192,176,val,1,2,1751.0,12000,8192,12288,0.01946705749018164
176:12288,176,val,1,2,1751.0,12000,12288,16384,0.019277522427339593
176:16384,176,val,1,2,1751.0,12000,16384,20480,0.01383708264371718
176:20480,176,val,1,2,1751.0,12000,20480,24576,0.015451128354568033
176:24576,176,val,1,2,1751.0,12000,24576,28672,0.016291183336110487
176:28672,176,val,1,2,1751.0,12000,28672,32768,0.018115900202121102
176:32768,176,val,1,2,1751.0,12000,32768,36864,0.01944050538504237
176:36864,176,val,1,2,1751.0,12000,36864,40960,0.016973161873918563
176:40960,176,val,1,2,1751.0,12000,40960,45056,0.01631998612557259
176:45056,176,val,1,2,1751.0,12000,45056,49152,0.016858898253083388
176:49152,176,val,1,2,1751.0,12000,49152,53248,0.01660162725270927
176:53248,176,val,1,2,1751.0,12000,53248,57344,0.013888100424823389
176:57344,176,val,1,2,1751.0,12000,57344,61440,0.014119289737839866
176:61440,176,val,1,2,1751.0,12000,61440,65536,0.014310210524587832
176:65536,176,val,1,2,1751.0,12000,65536,69632,0.01800903067739193
176:69632,176,val,1,2,1751.0,12000,69632,73728,0.016664703958821643
176:73728,176,val,1,2,1751.0,12000,73728,77824,0.01619789576409425
176:77824,176,val,1,2,1751.0,12000,77824,81920,0.015920946735801716
176:81920,176,val,1,2,1751.0,12000,81920,86016,0.01865637707157515
176:86016,176,val,1,2,1751.0,12000,86016,90112,0.017767551766570307
176:90112,176,val,1,2,1751.0,12000,90112,94208,0.018780831496283255
176:94208,176,val,1,2,1751.0,12000,94208,98304,0.018609042021560995
176:98304,176,val,1,2,1751.0,12000,98304,102400,0.016794796769373965
176:102400,176,val,1,2,1751.0,12000,102400,106496,0.016106735956093868
176:106496,176,val,1,2,1751.0,12000,106496,110592,0.016579554700026655
176:110592,176,val,1,2,1751.0,12000,110592,114688,0.013705732579021232
176:114688,176,val,1,2,1751.0,12000,114688,118784,0.012869636773550304
191:0,191,val,3,2,1748.0,12000,0,4096,0.013959260981173685
191:4096,191,val,3,2,1748.0,12000,4096,8192,0.01305487380782638
191:8192,191,val,3,2,1748.0,12000,8192,12288,0.012196331220964151
191:12288,191,val,3,2,1748.0,12000,12288,16384,0.010591841119764772
191:16384,191,val,3,2,1748.0,12000,16384,20480,0.011153175794260693
191:20480,191,val,3,2,1748.0,12000,20480,24576,0.011993535632230302
191:24576,191,val,3,2,1748.0,12000,24576,28672,0.011696696705032678
191:28672,191,val,3,2,1748.0,12000,28672,32768,0.012226802147801301
191:32768,191,val,3,2,1748.0,12000,32768,36864,0.013379182083482398
191:36864,191,val,3,2,1748.0,12000,36864,40960,0.013782713703561763
191:40960,191,val,3,2,1748.0,12000,40960,45056,0.0125625606184579
191:45056,191,val,3,2,1748.0,12000,45056,49152,0.012332486159627206
191:49152,191,val,3,2,1748.0,12000,49152,53248,0.011536104057821486
191:53248,191,val,3,2,1748.0,12000,53248,57344,0.009876929501616743
191:57344,191,val,3,2,1748.0,12000,57344,61440,0.00997076500675938
191:61440,191,val,3,2,1748.0,12000,61440,65536,0.012279293009002172
191:65536,191,val,3,2,1748.0,12000,65536,69632,0.013094443890558524
191:69632,191,val,3,2,1748.0,12000,69632,73728,0.010898922464103256
191:73728,191,val,3,2,1748.0,12000,73728,77824,0.008592844431549378
191:77824,191,val,3,2,1748.0,12000,77824,81920,0.008628708491621248
191:81920,191,val,3,2,1748.0,12000,81920,86016,0.010046985558206004
191:86016,191,val,3,2,1748.0,12000,86016,90112,0.010527440988676777
191:90112,191,val,3,2,1748.0,12000,90112,94208,0.0118864101636575
191:94208,191,val,3,2,1748.0,12000,94208,98304,0.010170045300754483
191:98304,191,val,3,2,1748.0,12000,98304,102400,0.010030151670105035
191:102400,191,val,3,2,1748.0,12000,102400,106496,0.010163308778611827
191:106496,191,val,3,2,1748.0,12000,106496,110592,0.011612553438880445
191:110592,191,val,3,2,1748.0,12000,110592,114688,0.01072190605822527
191:114688,191,val,3,2,1748.0,12000,114688,118784,0.010223058744338952
203:0,203,val,2,2,1749.0,12000,0,4096,0.012165782606368063
203:4096,203,val,2,2,1749.0,12000,4096,8192,0.010569172130117047
203:8192,203,val,2,2,1749.0,12000,8192,12288,0.008875957527335818
203:12288,203,val,2,2,1749.0,12000,12288,16384,0.010512322076981134
203:16384,203,val,2,2,1749.0,12000,16384,20480,0.012673026262974459
203:20480,203,val,2,2,1749.0,12000,20480,24576,0.01260377171978904
203:24576,203,val,2,2,1749.0,12000,24576,28672,0.012290848255619179
203:28672,203,val,2,2,1749.0,12000,28672,32768,0.010401608886426784
203:32768,203,val,2,2,1749.0,12000,32768,36864,0.010248848412668266
203:36864,203,val,2,2,1749.0,12000,36864,40960,0.010440253611160268
203:40960,203,val,2,2,1749.0,12000,40960,45056,0.011748290586446586
203:45056,203,val,2,2,1749.0,12000,45056,49152,0.012656255631516445
203:49152,203,val,2,2,1749.0,12000,49152,53248,0.010581150505562357
203:53248,203,val,2,2,1749.0,12000,53248,57344,0.009593728596220688
203:57344,203,val,2,2,1749.0,12000,57344,61440,0.010704449874858291
203:61440,203,val,2,2,1749.0,12000,61440,65536,0.01182793940827201
203:65536,203,val,2,2,1749.0,12000,65536,69632,0.010956411033690772
203:69632,203,val,2,2,1749.0,12000,69632,73728,0.011228340743300893
203:73728,203,val,2,2,1749.0,12000,73728,77824,0.01045638929280991
203:77824,203,val,2,2,1749.0,12000,77824,81920,0.011520514793378747
203:81920,203,val,2,2,1749.0,12000,81920,86016,0.010963344215407976
203:86016,203,val,2,2,1749.0,12000,86016,90112,0.010371469070560566
203:90112,203,val,2,2,1749.0,12000,90112,94208,0.012722228495846963
203:94208,203,val,2,2,1749.0,12000,94208,98304,0.010749819168957326
203:98304,203,val,2,2,1749.0,12000,98304,102400,0.013473856896609845
203:102400,203,val,2,2,1749.0,12000,102400,106496,0.012255468333065157
203:106496,203,val,2,2,1749.0,12000,106496,110592,0.01230910769129627
203:110592,203,val,2,2,1749.0,12000,110592,114688,0.01196007711257642
203:114688,203,val,2,2,1749.0,12000,114688,118784,0.011950855574521961
177:0,177,test,1,3,1726.0,12000,0,4096,0.01841443743536891
177:4096,177,test,1,3,1726.0,12000,4096,8192,0.08295989485194101
177:8192,177,test,1,3,1726.0,12000,8192,12288,0.014216226044541369
177:12288,177,test,1,3,1726.0,12000,12288,16384,0.014192688533126937
177:16384,177,test,1,3,1726.0,12000,16384,20480,0.012605054450726572
177:20480,177,test,1,3,1726.0,12000,20480,24576,0.013133961874094453
177:24576,177,test,1,3,1726.0,12000,24576,28672,0.01373143027280703
177:28672,177,test,1,3,1726.0,12000,28672,32768,0.014910005725180276
177:32768,177,test,1,3,1726.0,12000,32768,36864,0.017423247414708742
177:36864,177,test,1,3,1726.0,12000,36864,40960,0.01642251045097209
177:40960,177,test,1,3,1726.0,12000,40960,45056,0.019429607535215318
177:45056,177,test,1,3,1726.0,12000,45056,49152,0.016647860458476226
177:49152,177,test,1,3,1726.0,12000,49152,53248,0.015569062581699492
177:53248,177,test,1,3,1726.0,12000,53248,57344,0.015653329189982856
177:57344,177,test,1,3,1726.0,12000,57344,61440,0.014714426969072741
177:61440,177,test,1,3,1726.0,12000,61440,65536,0.01600685463214691
177:65536,177,test,1,3,1726.0,12000,65536,69632,0.014601878132075596
177:69632,177,test,1,3,1726.0,12000,69632,73728,0.014986359420261039
177:73728,177,test,1,3,1726.0,12000,73728,77824,0.01407548513373924
177:77824,177,test,1,3,1726.0,12000,77824,81920,0.015438897920659004
177:81920,177,test,1,3,1726.0,12000,81920,86016,0.017540414021349676
177:86016,177,test,1,3,1726.0,12000,86016,90112,0.01646636482072835
177:90112,177,test,1,3,1726.0,12000,90112,94208,0.015841775201292582
177:94208,177,test,1,3,1726.0,12000,94208,98304,0.016865956367851792
177:98304,177,test,1,3,1726.0,12000,98304,102400,0.016668702793830828
177:102400,177,test,1,3,1726.0,12000,102400,106496,0.014297052760633113
177:106496,177,test,1,3,1726.0,12000,106496,110592,0.014700984866688674
177:110592,177,test,1,3,1726.0,12000,110592,114688,0.016194217264846735
177:114688,177,test,1,3,1726.0,12000,114688,118784,0.016173836955655777
192:0,192,test,3,3,1725.0,12000,0,4096,0.011180267482894907
192:4096,192,test,3,3,1725.0,12000,4096,8192,0.012713060821723066
192:8192,192,test,3,3,1725.0,12000,8192,12288,0.011396884130387853
192:12288,192,test,3,3,1725.0,12000,12288,16384,0.009572510332446636
192:16384,192,test,3,3,1725.0,12000,16384,20480,0.011740711983747383
192:20480,192,test,3,3,1725.0,12000,20480,24576,0.011265603274921272
192:24576,192,test,3,3,1725.0,12000,24576,28672,0.008747535026288285
192:28672,192,test,3,3,1725.0,12000,28672,32768,0.009746627406892682
192:32768,192,test,3,3,1725.0,12000,32768,36864,0.011725220309514518
192:36864,192,test,3,3,1725.0,12000,36864,40960,0.010811704418932977
192:40960,192,test,3,3,1725.0,12000,40960,45056,0.01063886996561193
192:45056,192,test,3,3,1725.0,12000,45056,49152,0.011838842479438885
192:49152,192,test,3,3,1725.0,12000,49152,53248,0.010835473415715707
192:53248,192,test,3,3,1725.0,12000,53248,57344,0.011794902887949377
192:57344,192,test,3,3,1725.0,12000,57344,61440,0.01051199709707712
192:61440,192,test,3,3,1725.0,12000,61440,65536,0.011456175215451135
192:65536,192,test,3,3,1725.0,12000,65536,69632,0.012069936128734346
192:69632,192,test,3,3,1725.0,12000,69632,73728,0.011274631954297544
192:73728,192,test,3,3,1725.0,12000,73728,77824,0.010243220252863854
192:77824,192,test,3,3,1725.0,12000,77824,81920,0.011148262706671505
192:81920,192,test,3,3,1725.0,12000,81920,86016,0.01245379656201821
192:86016,192,test,3,3,1725.0,12000,86016,90112,0.013281075543173402
192:90112,192,test,3,3,1725.0,12000,90112,94208,0.012026682843784628
192:94208,192,test,3,3,1725.0,12000,94208,98304,0.009664212624030626
192:98304,192,test,3,3,1725.0,12000,98304,102400,0.01077040540223733
192:102400,192,test,3,3,1725.0,12000,102400,106496,0.014120007050066236
192:106496,192,test,3,3,1725.0,12000,106496,110592,0.01123359181345119
192:110592,192,test,3,3,1725.0,12000,110592,114688,0.00880393420329267
192:114688,192,test,3,3,1725.0,12000,114688,118784,0.01150168238603241
204:0,204,test,2,3,1723.0,12000,0,4096,0.013679773907741836
204:4096,204,test,2,3,1723.0,12000,4096,8192,0.013094574708758605
204:8192,204,test,2,3,1723.0,12000,8192,12288,0.01333772297921495
204:12288,204,test,2,3,1723.0,12000,12288,16384,0.013855087211430257
204:16384,204,test,2,3,1723.0,12000,16384,20480,0.013697020550179451
204:20480,204,test,2,3,1723.0,12000,20480,24576,0.013205960813121698
204:24576,204,test,2,3,1723.0,12000,24576,28672,0.012887323623326973
204:28672,204,test,2,3,1723.0,12000,28672,32768,0.012087160614562565
204:32768,204,test,2,3,1723.0,12000,32768,36864,0.011139167926036548
204:36864,204,test,2,3,1723.0,12000,36864,40960,0.013215635603017771
204:40960,204,test,2,3,1723.0,12000,40960,45056,0.009819558549343188
204:45056,204,test,2,3,1723.0,12000,45056,49152,0.009011919526813312
204:49152,204,test,2,3,1723.0,12000,49152,53248,0.00989449111575763
204:53248,204,test,2,3,1723.0,12000,53248,57344,0.01168912906151575
204:57344,204,test,2,3,1723.0,12000,57344,61440,0.014734041447165839
204:61440,204,test,2,3,1723.0,12000,61440,65536,0.010660002548284725
204:65536,204,test,2,3,1723.0,12000,65536,69632,0.009102535739865306
204:69632,204,test,2,3,1723.0,12000,69632,73728,0.010504683879325051
204:73728,204,test,2,3,1723.0,12000,73728,77824,0.00921981200985548
204:77824,204,test,2,3,1723.0,12000,77824,81920,0.010017898933762084
204:81920,204,test,2,3,1723.0,12000,81920,86016,0.010835284098281675
204:86016,204,test,2,3,1723.0,12000,86016,90112,0.010215324872417497
204:90112,204,test,2,3,1723.0,12000,90112,94208,0.008781890122552077
204:94208,204,test,2,3,1723.0,12000,94208,98304,0.008692489727790161
204:98304,204,test,2,3,1723.0,12000,98304,102400,0.00877746611137855
204:102400,204,test,2,3,1723.0,12000,102400,106496,0.010466089810154428
204:106496,204,test,2,3,1723.0,12000,106496,110592,0.012545830003280595
204:110592,204,test,2,3,1723.0,12000,110592,114688,0.013224937919633136
204:114688,204,test,2,3,1723.0,12000,114688,118784,0.01105958397017367
213:0,213,train,1,0,1796.0,12000,0,4096,0.010093861326015852
213:4096,213,train,1,0,1796.0,12000,4096,8192,0.012054960897034572
213:8192,213,train,1,0,1796.0,12000,8192,12288,0.012527030126896882
213:12288,213,train,1,0,1796.0,12000,12288,16384,0.012753004336307782
213:16384,213,train,1,0,1796.0,12000,16384,20480,0.014401118252956976
213:20480,213,train,1,0,1796.0,12000,20480,24576,0.009641871746718253
213:24576,213,train,1,0,1796.0,12000,24576,28672,0.008521617847048978
213:28672,213,train,1,0,1796.0,12000,28672,32768,0.011134163805468222
213:32768,213,train,1,0,1796.0,12000,32768,36864,0.010127115441342194
213:36864,213,train,1,0,1796.0,12000,36864,40960,0.011602524715374582
213:40960,213,train,1,0,1796.0,12000,40960,45056,0.010714483424762798
213:45056,213,train,1,0,1796.0,12000,45056,49152,0.011895310723023616
213:49152,213,train,1,0,1796.0,12000,49152,53248,0.0121565054674947
213:53248,213,train,1,0,1796.0,12000,53248,57344,0.009304097832343865
226:0,226,train,3,0,1797.0,12000,0,4096,0.2961698328192947
226:4096,226,train,3,0,1797.0,12000,4096,8192,0.28945281626575275
226:8192,226,train,3,0,1797.0,12000,8192,12288,0.27937518851870236
226:12288,226,train,3,0,1797.0,12000,12288,16384,0.27384820006193733
226:16384,226,train,3,0,1797.0,12000,16384,20480,0.263551018981534
226:20480,226,train,3,0,1797.0,12000,20480,24576,0.2521914512373742
226:24576,226,train,3,0,1797.0,12000,24576,28672,0.244988683619556
226:28672,226,train,3,0,1797.0,12000,28672,32768,0.23884353413033138
226:32768,226,train,3,0,1797.0,12000,32768,36864,0.2306320441941828
226:36864,226,train,3,0,1797.0,12000,36864,40960,0.2239742000904011
226:40960,226,train,3,0,1797.0,12000,40960,45056,0.21897805067556092
226:45056,226,train,3,0,1797.0,12000,45056,49152,0.21089577845800778
226:49152,226,train,3,0,1797.0,12000,49152,53248,0.2012688595306088
226:53248,226,train,3,0,1797.0,12000,53248,57344,0.19335668229495234
238:0,238,train,2,0,1796.0,12000,0,4096,0.02786802036449077
238:4096,238,train,2,0,1796.0,12000,4096,8192,0.027234081731217892
238:8192,238,train,2,0,1796.0,12000,8192,12288,0.026050771969580597
238:12288,238,train,2,0,1796.0,12000,12288,16384,0.027026808057361386
238:16384,238,train,2,0,1796.0,12000,16384,20480,0.026825829420836632
238:20480,238,train,2,0,1796.0,12000,20480,24576,0.025767792956527688
238:24576,238,train,2,0,1796.0,12000,24576,28672,0.028155259949800823
238:28672,238,train,2,0,1796.0,12000,28672,32768,0.027025985051874653
238:32768,238,train,2,0,1796.0,12000,32768,36864,0.024911121451872603
238:36864,238,train,2,0,1796.0,12000,36864,40960,0.02418937598020736
238:40960,238,train,2,0,1796.0,12000,40960,45056,0.021686614791592243
238:45056,238,train,2,0,1796.0,12000,45056,49152,0.02306924486657568
238:49152,238,train,2,0,1796.0,12000,49152,53248,0.023792993311283015
238:53248,238,train,2,0,1796.0,12000,53248,57344,0.025385570043954114
238:57344,238,train,2,0,1796.0,12000,57344,61440,0.02342553347128023
214:0,214,train,1,1,1774.0,12000,0,4096,0.009529339457604875
214:4096,214,train,1,1,1774.0,12000,4096,8192,0.006859623128902941
214:8192,214,train,1,1,1774.0,12000,8192,12288,0.008828780630794696
214:12288,214,train,1,1,1774.0,12000,12288,16384,0.010603198808208852
214:16384,214,train,1,1,1774.0,12000,16384,20480,0.012870085537457967
214:20480,214,train,1,1,1774.0,12000,20480,24576,0.011323119779073054
214:24576,214,train,1,1,1774.0,12000,24576,28672,0.011454691620648631
214:28672,214,train,1,1,1774.0,12000,28672,32768,0.010743716506870282
214:32768,214,train,1,1,1774.0,12000,32768,36864,0.012663095475544794
214:36864,214,train,1,1,1774.0,12000,36864,40960,0.010998426160467475
214:40960,214,train,1,1,1774.0,12000,40960,45056,0.011279662040562667
214:45056,214,train,1,1,1774.0,12000,45056,49152,0.010928952393673926
214:49152,214,train,1,1,1774.0,12000,49152,53248,0.01383420988322297
214:53248,214,train,1,1,1774.0,12000,53248,57344,0.013115436918788564
214:57344,214,train,1,1,1774.0,12000,57344,61440,0.011472109140977696
214:61440,214,train,1,1,1774.0,12000,61440,65536,0.011203834293604234
214:65536,214,train,1,1,1774.0,12000,65536,69632,0.010869914904237728
214:69632,214,train,1,1,1774.0,12000,69632,73728,0.008508503418721954
214:73728,214,train,1,1,1774.0,12000,73728,77824,0.01099500281536338
214:77824,214,train,1,1,1774.0,12000,77824,81920,0.011063350325676463
214:81920,214,train,1,1,1774.0,12000,81920,86016,0.009442981282386444
214:86016,214,train,1,1,1774.0,12000,86016,90112,0.01237823880952886
214:90112,214,train,1,1,1774.0,12000,90112,94208,0.011498254577023815
214:94208,214,train,1,1,1774.0,12000,94208,98304,0.0136880196170073
214:98304,214,train,1,1,1774.0,12000,98304,102400,0.013640393710831224
214:102400,214,train,1,1,1774.0,12000,102400,106496,0.0123686719781843
214:106496,214,train,1,1,1774.0,12000,106496,110592,0.014025486646488686
214:110592,214,train,1,1,1774.0,12000,110592,114688,0.012523350576265368
214:114688,214,train,1,1,1774.0,12000,114688,118784,0.010035553381782303
227:0,227,train,3,1,1774.0,12000,0,4096,0.010419464207382701
227:4096,227,train,3,1,1774.0,12000,4096,8192,0.010465502767255564
227:8192,227,train,3,1,1774.0,12000,8192,12288,0.009990273390216223
227:12288,227,train,3,1,1774.0,12000,12288,16384,0.01126067321011534
227:16384,227,train,3,1,1774.0,12000,16384,20480,0.01290298881401987
227:20480,227,train,3,1,1774.0,12000,20480,24576,0.015004061666712816
227:24576,227,train,3,1,1774.0,12000,24576,28672,0.013044249396933412
227:28672,227,train,3,1,1774.0,12000,28672,32768,0.013529360190306143
227:32768,227,train,3,1,1774.0,12000,32768,36864,0.01594465369813112
227:36864,227,train,3,1,1774.0,12000,36864,40960,0.014079384312353196
227:40960,227,train,3,1,1774.0,12000,40960,45056,0.013324282754497789
227:45056,227,train,3,1,1774.0,12000,45056,49152,0.012703686593141136
227:49152,227,train,3,1,1774.0,12000,49152,53248,0.011490482803693601
227:53248,227,train,3,1,1774.0,12000,53248,57344,0.012218622429115377
227:57344,227,train,3,1,1774.0,12000,57344,61440,0.008831528623287429
227:61440,227,train,3,1,1774.0,12000,61440,65536,0.011805774518440533
227:65536,227,train,3,1,1774.0,12000,65536,69632,0.013491160853618957
227:69632,227,train,3,1,1774.0,12000,69632,73728,0.012256997271260034
227:73728,227,train,3,1,1774.0,12000,73728,77824,0.010448071843389084
227:77824,227,train,3,1,1774.0,12000,77824,81920,0.008204391543950602
227:81920,227,train,3,1,1774.0,12000,81920,86016,0.01097491029288256
227:86016,227,train,3,1,1774.0,12000,86016,90112,0.012640380774896369
227:90112,227,train,3,1,1774.0,12000,90112,94208,0.012188844890275758
227:94208,227,train,3,1,1774.0,12000,94208,98304,0.012269525712847085
227:98304,227,train,3,1,1774.0,12000,98304,102400,0.012259451247766973
227:102400,227,train,3,1,1774.0,12000,102400,106496,0.01088252386606573
227:106496,227,train,3,1,1774.0,12000,106496,110592,0.009227355983877007
227:110592,227,train,3,1,1774.0,12000,110592,114688,0.009935919328123866
227:114688,227,train,3,1,1774.0,12000,114688,118784,0.01100320047698361
239:0,239,train,2,1,1771.0,12000,0,4096,0.014152089887689085
239:4096,239,train,2,1,1771.0,12000,4096,8192,0.014983700571713391
239:8192,239,train,2,1,1771.0,12000,8192,12288,0.015071945177106597
239:12288,239,train,2,1,1771.0,12000,12288,16384,0.01461556837845564
239:16384,239,train,2,1,1771.0,12000,16384,20480,0.014792239098383118
239:20480,239,train,2,1,1771.0,12000,20480,24576,0.015199149506326925
239:24576,239,train,2,1,1771.0,12000,24576,28672,0.012699759310383342
239:28672,239,train,2,1,1771.0,12000,28672,32768,0.015082683826670034
239:32768,239,train,2,1,1771.0,12000,32768,36864,0.013659106445345934
239:36864,239,train,2,1,1771.0,12000,36864,40960,0.012550581553403009
239:40960,239,train,2,1,1771.0,12000,40960,45056,0.013514306943115267
239:45056,239,train,2,1,1771.0,12000,45056,49152,0.014511115591278538
239:49152,239,train,2,1,1771.0,12000,49152,53248,0.014555964496932389
239:53248,239,train,2,1,1771.0,12000,53248,57344,0.012873307597263507
239:57344,239,train,2,1,1771.0,12000,57344,61440,0.012907211735718672
239:61440,239,train,2,1,1771.0,12000,61440,65536,0.014262742876043637
239:65536,239,train,2,1,1771.0,12000,65536,69632,0.016996442580543617
239:69632,239,train,2,1,1771.0,12000,69632,73728,0.015207983015952248
239:73728,239,train,2,1,1771.0,12000,73728,77824,0.016156070878012074
239:77824,239,train,2,1,1771.0,12000,77824,81920,0.015894708522965026
239:81920,239,train,2,1,1771.0,12000,81920,86016,0.01392648848469632
239:86016,239,train,2,1,1771.0,12000,86016,90112,0.011768109548686252
239:90112,239,train,2,1,1771.0,12000,90112,94208,0.012127372334633794
239:94208,239,train,2,1,1771.0,12000,94208,98304,0.014718724874242587
239:98304,239,train,2,1,1771.0,12000,98304,102400,0.01847014485021181
239:102400,239,train,2,1,1771.0,12000,102400,106496,0.015411415730561474
239:106496,239,train,2,1,1771.0,12000,106496,110592,0.016286659371542996
239:110592,239,train,2,1,1771.0,12000,110592,114688,0.01745893046735162
239:114688,239,train,2,1,1771.0,12000,114688,118784,0.013913007523365314
215:0,215,val,1,2,1752.0,12000,0,4096,0.008165835620989785
215:4096,215,val,1,2,1752.0,12000,4096,8192,0.01135852865586506
215:8192,215,val,1,2,1752.0,12000,8192,12288,0.009878185753372432
215:12288,215,val,1,2,1752.0,12000,12288,16384,0.00846828489002489
215:16384,215,val,1,2,1752.0,12000,16384,20480,0.009732468607294827
215:20480,215,val,1,2,1752.0,12000,20480,24576,0.009185387824156463
215:24576,215,val,1,2,1752.0,12000,24576,28672,0.00852095283261367
215:28672,215,val,1,2,1752.0,12000,28672,32768,0.008688376618253023
215:32768,215,val,1,2,1752.0,12000,32768,36864,0.010711005606147083
215:36864,215,val,1,2,1752.0,12000,36864,40960,0.009977065378107832
215:40960,215,val,1,2,1752.0,12000,40960,45056,0.01111595429838039
215:45056,215,val,1,2,1752.0,12000,45056,49152,0.01052377257597695
215:49152,215,val,1,2,1752.0,12000,49152,53248,0.010437940552400361
215:53248,215,val,1,2,1752.0,12000,53248,57344,0.010815775572243575
215:57344,215,val,1,2,1752.0,12000,57344,61440,0.011896034518925087
215:61440,215,val,1,2,1752.0,12000,61440,65536,0.010374736867641138
215:65536,215,val,1,2,1752.0,12000,65536,69632,0.011316912579152849
215:69632,215,val,1,2,1752.0,12000,69632,73728,0.011698241086898572
215:73728,215,val,1,2,1752.0,12000,73728,77824,0.013957396487611195
215:77824,215,val,1,2,1752.0,12000,77824,81920,0.011805297091236466
215:81920,215,val,1,2,1752.0,12000,81920,86016,0.013148470362225152
215:86016,215,val,1,2,1752.0,12000,86016,90112,0.011786800430633819
215:90112,215,val,1,2,1752.0,12000,90112,94208,0.009614221672129643
215:94208,215,val,1,2,1752.0,12000,94208,98304,0.00977686563951235
215:98304,215,val,1,2,1752.0,12000,98304,102400,0.009861074379527306
215:102400,215,val,1,2,1752.0,12000,102400,106496,0.011383165085046582
215:106496,215,val,1,2,1752.0,12000,106496,110592,0.011146569009709255
215:110592,215,val,1,2,1752.0,12000,110592,114688,0.011344608905635604
215:114688,215,val,1,2,1752.0,12000,114688,118784,0.011665903070276654
228:0,228,val,3,2,1754.0,12000,0,4096,0.011738614339921256
228:4096,228,val,3,2,1754.0,12000,4096,8192,0.010350821544401076
228:8192,228,val,3,2,1754.0,12000,8192,12288,0.012386316509335768
228:12288,228,val,3,2,1754.0,12000,12288,16384,0.01219283158662448
228:16384,228,val,3,2,1754.0,12000,16384,20480,0.012967107902978663
228:20480,228,val,3,2,1754.0,12000,20480,24576,0.013559873007214392
228:24576,228,val,3,2,1754.0,12000,24576,28672,0.012972454478795485
228:28672,228,val,3,2,1754.0,12000,28672,32768,0.009478243713095146
228:32768,228,val,3,2,1754.0,12000,32768,36864,0.009551282573581798
228:36864,228,val,3,2,1754.0,12000,36864,40960,0.010383447210188449
228:40960,228,val,3,2,1754.0,12000,40960,45056,0.01249729574238588
228:45056,228,val,3,2,1754.0,12000,45056,49152,0.014654392466532468
228:49152,228,val,3,2,1754.0,12000,49152,53248,0.012743108718254001
228:53248,228,val,3,2,1754.0,12000,53248,57344,0.010133082754987663
228:57344,228,val,3,2,1754.0,12000,57344,61440,0.011998242120485468
228:61440,228,val,3,2,1754.0,12000,61440,65536,0.01251134567132511
228:65536,228,val,3,2,1754.0,12000,65536,69632,0.009843312555733464
228:69632,228,val,3,2,1754.0,12000,69632,73728,0.011679117005096756
228:73728,228,val,3,2,1754.0,12000,73728,77824,0.013100945992484254
228:77824,228,val,3,2,1754.0,12000,77824,81920,0.011010395437966315
228:81920,228,val,3,2,1754.0,12000,81920,86016,0.01116918754441754
228:86016,228,val,3,2,1754.0,12000,86016,90112,0.011458406257128757
228:90112,228,val,3,2,1754.0,12000,90112,94208,0.011278225433028862
228:94208,228,val,3,2,1754.0,12000,94208,98304,0.012110992451869574
228:98304,228,val,3,2,1754.0,12000,98304,102400,0.011831433663755385
228:102400,228,val,3,2,1754.0,12000,102400,106496,0.012479646808867005
228:106496,228,val,3,2,1754.0,12000,106496,110592,0.014599154262951521
228:110592,228,val,3,2,1754.0,12000,110592,114688,0.015212361674012926
228:114688,228,val,3,2,1754.0,12000,114688,118784,0.013480650613577904
240:0,240,val,2,2,1747.0,12000,0,4096,0.015047664253233037
240:4096,240,val,2,2,1747.0,12000,4096,8192,0.01396197841973421
240:8192,240,val,2,2,1747.0,12000,8192,12288,0.015603089364088732
240:12288,240,val,2,2,1747.0,12000,12288,16384,0.016707521979163018
240:16384,240,val,2,2,1747.0,12000,16384,20480,0.018299062348827153
240:20480,240,val,2,2,1747.0,12000,20480,24576,0.017545435374253734
240:24576,240,val,2,2,1747.0,12000,24576,28672,0.015832412361560015
240:28672,240,val,2,2,1747.0,12000,28672,32768,0.01551526181631136
240:32768,240,val,2,2,1747.0,12000,32768,36864,0.017198222315354953
240:36864,240,val,2,2,1747.0,12000,36864,40960,0.015423152258211153
240:40960,240,val,2,2,1747.0,12000,40960,45056,0.013018599097963903
240:45056,240,val,2,2,1747.0,12000,45056,49152,0.013900731505037447
240:49152,240,val,2,2,1747.0,12000,49152,53248,0.013197650128873497
240:53248,240,val,2,2,1747.0,12000,53248,57344,0.014662769362651505
240:57344,240,val,2,2,1747.0,12000,57344,61440,0.013639037352215265
240:61440,240,val,2,2,1747.0,12000,61440,65536,0.013296901879172547
240:65536,240,val,2,2,1747.0,12000,65536,69632,0.013647345475050698
240:69632,240,val,2,2,1747.0,12000,69632,73728,0.01354435743509411
240:73728,240,val,2,2,1747.0,12000,73728,77824,0.015364906783930718
240:77824,240,val,2,2,1747.0,12000,77824,81920,0.016511692051355734
240:81920,240,val,2,2,1747.0,12000,81920,86016,0.016649013271562582
240:86016,240,val,2,2,1747.0,12000,86016,90112,0.016774354153841445
240:90112,240,val,2,2,1747.0,12000,90112,94208,0.017512732065292566
240:94208,240,val,2,2,1747.0,12000,94208,98304,0.014348764118421942
240:98304,240,val,2,2,1747.0,12000,98304,102400,0.012900581511128295
240:102400,240,val,2,2,1747.0,12000,102400,106496,0.011763449650126974
240:106496,240,val,2,2,1747.0,12000,106496,110592,0.012298084830667314
240:110592,240,val,2,2,1747.0,12000,110592,114688,0.014367786336727788
240:114688,240,val,2,2,1747.0,12000,114688,118784,0.015283255141826563
217:0,217,test,1,3,1727.0,12000,0,4096,0.005586496647498068
217:4096,217,test,1,3,1727.0,12000,4096,8192,0.005408062631776194
217:8192,217,test,1,3,1727.0,12000,8192,12288,0.00571615845775739
217:12288,217,test,1,3,1727.0,12000,12288,16384,0.005408567533960467
217:16384,217,test,1,3,1727.0,12000,16384,20480,0.0049610197674613546
217:20480,217,test,1,3,1727.0,12000,20480,24576,0.003393247549120043
217:24576,217,test,1,3,1727.0,12000,24576,28672,0.003672157860134477
217:28672,217,test,1,3,1727.0,12000,28672,32768,0.004681234947135452
217:32768,217,test,1,3,1727.0,12000,32768,36864,0.004476176270873091
217:36864,217,test,1,3,1727.0,12000,36864,40960,0.004512871370896008
217:40960,217,test,1,3,1727.0,12000,40960,45056,0.004625951940077051
217:45056,217,test,1,3,1727.0,12000,45056,49152,0.00517921519574633
217:49152,217,test,1,3,1727.0,12000,49152,53248,0.005524829420070819
217:53248,217,test,1,3,1727.0,12000,53248,57344,0.005071206364959299
217:57344,217,test,1,3,1727.0,12000,57344,61440,0.005126469256111023
217:61440,217,test,1,3,1727.0,12000,61440,65536,0.005333784083256236
217:65536,217,test,1,3,1727.0,12000,65536,69632,0.0044437405842049135
217:69632,217,test,1,3,1727.0,12000,69632,73728,0.004744885644507165
217:73728,217,test,1,3,1727.0,12000,73728,77824,0.005235784530344848
217:77824,217,test,1,3,1727.0,12000,77824,81920,0.004321202555622714
217:81920,217,test,1,3,1727.0,12000,81920,86016,0.005162240011726117
217:86016,217,test,1,3,1727.0,12000,86016,90112,0.005366854174473067
217:90112,217,test,1,3,1727.0,12000,90112,94208,0.005651701503203446
217:94208,217,test,1,3,1727.0,12000,94208,98304,0.005859348263324045
217:98304,217,test,1,3,1727.0,12000,98304,102400,0.004754815814978733
217:102400,217,test,1,3,1727.0,12000,102400,106496,0.005111528437937735
217:106496,217,test,1,3,1727.0,12000,106496,110592,0.005896567298368655
217:110592,217,test,1,3,1727.0,12000,110592,114688,0.0047925721224836865
217:114688,217,test,1,3,1727.0,12000,114688,118784,0.005331615563930463
229:0,229,test,3,3,1729.0,12000,0,4096,0.017545326012761993
229:4096,229,test,3,3,1729.0,12000,4096,8192,0.01497072219813537
229:8192,229,test,3,3,1729.0,12000,8192,12288,0.013478652867205454
229:12288,229,test,3,3,1729.0,12000,12288,16384,0.01405969468604854
229:16384,229,test,3,3,1729.0,12000,16384,20480,0.011702247239226561
229:20480,229,test,3,3,1729.0,12000,20480,24576,0.01050919809244908
229:24576,229,test,3,3,1729.0,12000,24576,28672,0.012359986835217817
229:28672,229,test,3,3,1729.0,12000,28672,32768,0.013366375491917444
229:32768,229,test,3,3,1729.0,12000,32768,36864,0.011186709845554888
229:36864,229,test,3,3,1729.0,12000,36864,40960,0.011939467735065995
229:40960,229,test,3,3,1729.0,12000,40960,45056,0.01201332762208963
229:45056,229,test,3,3,1729.0,12000,45056,49152,0.013694991430831131
229:49152,229,test,3,3,1729.0,12000,49152,53248,0.013704736366256576
229:53248,229,test,3,3,1729.0,12000,53248,57344,0.010174800331352932
229:57344,229,test,3,3,1729.0,12000,57344,61440,0.012361597806043718
229:61440,229,test,3,3,1729.0,12000,61440,65536,0.014302858377415871
229:65536,229,test,3,3,1729.0,12000,65536,69632,0.013224020976179623
229:69632,229,test,3,3,1729.0,12000,69632,73728,0.00924911197138454
229:73728,229,test,3,3,1729.0,12000,73728,77824,0.008751037152294331
229:77824,229,test,3,3,1729.0,12000,77824,81920,0.006938425142196161
229:81920,229,test,3,3,1729.0,12000,81920,86016,0.006652288239666459
229:86016,229,test,3,3,1729.0,12000,86016,90112,0.010149978749249534
229:90112,229,test,3,3,1729.0,12000,90112,94208,0.010736816346290751
229:94208,229,test,3,3,1729.0,12000,94208,98304,0.009015380827277163
229:98304,229,test,3,3,1729.0,12000,98304,102400,0.008935755936574977
229:102400,229,test,3,3,1729.0,12000,102400,106496,0.010682536699118526
229:106496,229,test,3,3,1729.0,12000,106496,110592,0.012806543650952719
229:110592,229,test,3,3,1729.0,12000,110592,114688,0.011479812182026167
229:114688,229,test,3,3,1729.0,12000,114688,118784,0.01210512018045165
241:0,241,test,2,3,1719.0,12000,0,4096,0.015492384518579566
241:4096,241,test,2,3,1719.0,12000,4096,8192,0.01597813307697211
241:8192,241,test,2,3,1719.0,12000,8192,12288,0.01305601340448715
241:12288,241,test,2,3,1719.0,12000,12288,16384,0.012269480778868271
241:16384,241,test,2,3,1719.0,12000,16384,20480,0.011457199614585484
241:20480,241,test,2,3,1719.0,12000,20480,24576,0.012267007123195598
241:24576,241,test,2,3,1719.0,12000,24576,28672,0.013320828219684097
241:28672,241,test,2,3,1719.0,12000,28672,32768,0.015385978404221378
241:32768,241,test,2,3,1719.0,12000,32768,36864,0.013718108492083173
241:36864,241,test,2,3,1719.0,12000,36864,40960,0.014681754554604517
241:40960,241,test,2,3,1719.0,12000,40960,45056,0.01813865157175059
241:45056,241,test,2,3,1719.0,12000,45056,49152,0.015347396839690011
241:49152,241,test,2,3,1719.0,12000,49152,53248,0.015179046133658086
241:53248,241,test,2,3,1719.0,12000,53248,57344,0.01461910669745517
241:57344,241,test,2,3,1719.0,12000,57344,61440,0.014080797823663359
241:61440,241,test,2,3,1719.0,12000,61440,65536,0.013093886607679024
241:65536,241,test,2,3,1719.0,12000,65536,69632,0.013088533134153455
241:69632,241,test,2,3,1719.0,12000,69632,73728,0.013494996256461654
241:73728,241,test,2,3,1719.0,12000,73728,77824,0.012653039871039504
241:77824,241,test,2,3,1719.0,12000,77824,81920,0.012248466435453048
241:81920,241,test,2,3,1719.0,12000,81920,86016,0.01488110536362155
241:86016,241,test,2,3,1719.0,12000,86016,90112,0.012652327607228085
241:90112,241,test,2,3,1719.0,12000,90112,94208,0.012425944469835325
241:94208,241,test,2,3,1719.0,12000,94208,98304,0.013987661233031065
241:98304,241,test,2,3,1719.0,12000,98304,102400,0.01512995287515286
241:102400,241,test,2,3,1719.0,12000,102400,106496,0.01646910819645324
241:106496,241,test,2,3,1719.0,12000,106496,110592,0.015610905031730071
241:110592,241,test,2,3,1719.0,12000,110592,114688,0.013160151831393777
241:114688,241,test,2,3,1719.0,12000,114688,118784,0.013838005366124612
