source_id,name,url,label,class_name,load_hp,rpm_nominal,sampling_rate,sampling_rate_basis,fault_inches,outer_position,split
97,Normal_0,https://engineering.case.edu/sites/default/files/97.mat,0,normal,0,1797,48000,normal_baseline_48k_convention_not_embedded,0,,train
98,Normal_1,https://engineering.case.edu/sites/default/files/98.mat,0,normal,1,1772,48000,normal_baseline_48k_convention_not_embedded,0,,train
99,Normal_2,https://engineering.case.edu/sites/default/files/99.mat,0,normal,2,1750,48000,normal_baseline_48k_convention_not_embedded,0,,val
100,Normal_3,https://engineering.case.edu/sites/default/files/100.mat,0,normal,3,1730,48000,normal_baseline_48k_convention_not_embedded,0,,test
109,IR007_0,https://engineering.case.edu/sites/default/files/109.mat,1,inner,0,1797,48000,official_48k_table,0.007,,train
122,B007_0,https://engineering.case.edu/sites/default/files/122.mat,3,ball,0,1797,48000,official_48k_table,0.007,,train
135,OR007@6_0,https://engineering.case.edu/sites/default/files/135.mat,2,outer,0,1797,48000,official_48k_table,0.007,6:00,train
110,IR007_1,https://engineering.case.edu/sites/default/files/110.mat,1,inner,1,1772,48000,official_48k_table,0.007,,train
123,B007_1,https://engineering.case.edu/sites/default/files/123.mat,3,ball,1,1772,48000,official_48k_table,0.007,,train
136,OR007@6_1,https://engineering.case.edu/sites/default/files/136.mat,2,outer,1,1772,48000,official_48k_table,0.007,6:00,train
111,IR007_2,https://engineering.case.edu/sites/default/files/111.mat,1,inner,2,1750,48000,official_48k_table,0.007,,val
124,B007_2,https://engineering.case.edu/sites/default/files/124.mat,3,ball,2,1750,48000,official_48k_table,0.007,,val
137,OR007@6_2,https://engineering.case.edu/sites/default/files/137.mat,2,outer,2,1750,48000,official_48k_table,0.007,6:00,val
112,IR007_3,https://engineering.case.edu/sites/default/files/112.mat,1,inner,3,1730,48000,official_48k_table,0.007,,test
125,B007_3,https://engineering.case.edu/sites/default/files/125.mat,3,ball,3,1730,48000,official_48k_table,0.007,,test
138,OR007@6_3,https://engineering.case.edu/sites/default/files/138.mat,2,outer,3,1730,48000,official_48k_table,0.007,6:00,test
174,IR014_0,https://engineering.case.edu/sites/default/files/174.mat,1,inner,0,1797,48000,official_48k_table,0.014,,train
189,B014_0,https://engineering.case.edu/sites/default/files/189.mat,3,ball,0,1797,48000,official_48k_table,0.014,,train
201,OR014@6_0,https://engineering.case.edu/sites/default/files/201.mat,2,outer,0,1797,48000,official_48k_table,0.014,6:00,train
175,IR014_1,https://engineering.case.edu/sites/default/files/175.mat,1,inner,1,1772,48000,official_48k_table,0.014,,train
190,B014_1,https://engineering.case.edu/sites/default/files/190.mat,3,ball,1,1772,48000,official_48k_table,0.014,,train
202,OR014@6_1,https://engineering.case.edu/sites/default/files/202.mat,2,outer,1,1772,48000,official_48k_table,0.014,6:00,train
176,IR014_2,https://engineering.case.edu/sites/default/files/176.mat,1,inner,2,1750,48000,official_48k_table,0.014,,val
191,B014_2,https://engineering.case.edu/sites/default/files/191.mat,3,ball,2,1750,48000,official_48k_table,0.014,,val
203,OR014@6_2,https://engineering.case.edu/sites/default/files/203.mat,2,outer,2,1750,48000,official_48k_table,0.014,6:00,val
177,IR014_3,https://engineering.case.edu/sites/default/files/177.mat,1,inner,3,1730,48000,official_48k_table,0.014,,test
192,B014_3,https://engineering.case.edu/sites/default/files/192.mat,3,ball,3,1730,48000,official_48k_table,0.014,,test
204,OR014@6_3,https://engineering.case.edu/sites/default/files/204.mat,2,outer,3,1730,48000,official_48k_table,0.014,6:00,test
213,IR021_0,https://engineering.case.edu/sites/default/files/213.mat,1,inner,0,1797,48000,official_48k_table,0.021,,train
226,B021_0,https://engineering.case.edu/sites/default/files/226.mat,3,ball,0,1797,48000,official_48k_table,0.021,,train
238,OR021@6_0,https://engineering.case.edu/sites/default/files/238.mat,2,outer,0,1797,48000,official_48k_table,0.021,6:00,train
214,IR021_1,https://engineering.case.edu/sites/default/files/214.mat,1,inner,1,1772,48000,official_48k_table,0.021,,train
227,B021_1,https://engineering.case.edu/sites/default/files/227.mat,3,ball,1,1772,48000,official_48k_table,0.021,,train
239,OR021@6_1,https://engineering.case.edu/sites/default/files/239.mat,2,outer,1,1772,48000,official_48k_table,0.021,6:00,train
215,IR021_2,https://engineering.case.edu/sites/default/files/215.mat,1,inner,2,1750,48000,official_48k_table,0.021,,val
228,B021_2,https://engineering.case.edu/sites/default/files/228.mat,3,ball,2,1750,48000,official_48k_table,0.021,,val
240,OR021@6_2,https://engineering.case.edu/sites/default/files/240.mat,2,outer,2,1750,48000,official_48k_table,0.021,6:00,val
217,IR021_3,https://engineering.case.edu/sites/default/files/217.mat,1,inner,3,1730,48000,official_48k_table,0.021,,test
229,B021_3,https://engineering.case.edu/sites/default/files/229.mat,3,ball,3,1730,48000,official_48k_table,0.021,,test
241,OR021@6_3,https://engineering.case.edu/sites/default/files/241.mat,2,outer,3,1730,48000,official_48k_table,0.021,6:00,test
